국립공주대학교 비공개 기록물 공개재분류 목록,Unnamed: 1,Unnamed: 2,Unnamed: 3,Unnamed: 4,Unnamed: 5,Unnamed: 6,Unnamed: 7,Unnamed: 8,Unnamed: 9,Unnamed: 10
,,,,,,,,,,
"생산
기관","생산
년도",단위업무,기록물철 제목,문서제목,보존기간,공개구분,"공개
제한
유형",공개재분류 결과,,
,,,,,,,,"생산기관
의견
(공개, 
부분공개, 
비공개)","비공개사유
(1호~8호)","비공개 
대상정보"
,,,,,,,,,,작성예시) 
교무처 교무과,2008,처리과서무,일반서무,2009년도 국가공무원 소요정원 제출,3년,비공개,5호,공개,,
교무처 교무과,2008,교원인사(복무)관리,병역관계,공직자의 병역사항 인터넷 신고 안내,5년,비공개,6호,공개,,
교무처 교무과,2008,교원인사(복무)관리,병역관계,병역사항 공개(신고) 대상자 명단 제출,5년,비공개,6호,공개,,
교무처 교무과,2008,교원인사(복무)관리,위원추천(외부),2008 미술과 교과장학지원단 워크숍 참석 협조,5년,비공개,6호,공개,,
교무처 교무과,2008,교원인사(복무)관리,위원추천(외부),2008년도 대학설립심사위원회 위원 위촉에 따른 협조 요청,5년,비공개,6호,공개,,
교무처 교무과,2008,교원인사(복무)관리,교육공무원 인사 통계,2008.4.1.자 국립 초·중등학교 교원 정·현원 현황 제출,5년,비공개,5호,공개,,
교무처 교무과,2008,교원인사(복무)관리,연구실적심사(외부대학),교원승진임용대상자 연구실적물 심사 의뢰,5년,비공개,5호,공개,,
교무처 교무과,2008,교원인사(복무)관리,연구실적심사(외부대학),연구실적물 심사결과 송부,5년,비공개,5호,공개,,
교무처 교무과,2008,교원인사(복무)관리,외부심사위원추천(교수공채),2008/2학기 교수초빙 외부심사위원 후보자 추천 의뢰,5년,비공개,5호,공개,,
교무처 교무과,2008,교원인사(복무)관리,위원추천(외부),2008년 개정 특수학교 기본교육과정 해설서 협의회 참석의뢰,5년,비공개,5호,공개,,
교무처 교무과,2008,교원인사(복무)관리,위원추천(외부),2008년 정기지원 정책연구과제 공모연구자 선정 제2차 심사 의뢰,5년,비공개,5호,공개,,
교무처 교무과,2008,교원인사(복무)관리,위원추천(외부),2008년도 제1차 국제교육진흥원운영심의회 개최,5년,비공개,5호,공개,,
교무처 교무과,2008,교원인사(복무)관리,위원추천(외부),2008학년도 수업연구대회(특수)심사위원 위촉 및 수업발표 심사 협조,5년,비공개,5호,공개,,
교무처 교무과,2008,교원인사(복무)관리,위원추천(외부),과학과 우수교사 위탁특별연수 대상자 선발전형 면접문항 출제위원 위촉,5년,비공개,5호,비공개,6호,"성명, 생년월일 등"
교무처 교무과,2008,교원인사(복무)관리,위원추천(외부),과학과 우수교사 위탁특별연수 대상자 선발전형 면접문항출제 및 면접위원 교체 위촉,5년,비공개,5호,비공개,6호,"성명, 생년월일 등"
교무처 교무과,2008,교원인사(복무)관리,위원추천(외부),과학과 우수교사 위탁특별연수 대상자 선발전형 면접위원 위촉,5년,비공개,5호,비공개,6호,"성명, 생년월일 등"
교무처 교무과,2008,교원인사(복무)관리,위원추천(외부),교육기관 전자서명인증센터 위탁운영 사업관련 제안서 기술평가위원 위촉,5년,비공개,5호,공개,,
교무처 교무과,2008,교원인사(복무)관리,위원추천(외부),디지털교과서 연구학교 인프라 구축사업 평가위원 위촉 및 출장조치 협조의뢰,5년,비공개,5호,공개,,
교무처 교무과,2008,교원인사(복무)관리,위원추천(외부),전국 교육기관 표준보안API 구축사업 제안서 기술평가위원 위촉,5년,비공개,5호,공개,,
교무처 교무과,2008,교원인사(복무)관리,위원추천(외부),제49회 서울특별시과학전람회 본선대회 심사위원 위촉 및 심사 참가 협조,5년,비공개,5호,공개,,
교무처 교무과,2008,교원인사(복무)관리,위원추천(외부),제안서 평가위원 추천 협조,5년,비공개,5호,공개,,
교무처 교무과,2008,교원인사(복무)관리,위원추천(외부),지방교육재정 관련 정책연구 추진을 위한 협의회 참석 요청,5년,비공개,5호,공개,,
교무처 교무과,2008,교원인사(복무)관리,위원추천(외부),지방교육재정 관련 정책연구 추진을 위한 협의회 참석 요청,5년,비공개,5호,공개,,
교무처 교무과,2008,교원인사(복무)관리,위원추천(외부),지방교육재정 관련 정책연구 추진을 위한 협의회 참석 요청,5년,비공개,5호,공개,,
교무처 교무과,2008,교원인사(복무)관리,위원추천(외부),지방교육재정 관련 정책연구 추진을 위한 협의회 참석 요청,5년,비공개,5호,공개,,
교무처 교무과,2008,교원인사(복무)관리,위원추천(외부),지방교육재정 관련 정책연구 추진을 위한 협의회 참석 요청,5년,비공개,5호,공개,,
교무처 교무과,2008,교원인사(복무)관리,위원추천(외부),지방교육재정 관련 정책연구 추진을 위한 협의회 참석 요청,5년,비공개,5호,공개,,
교무처 교무과,2008,교원인사(복무)관리,위원추천(외부),지방교육재정 관련 정책연구 추진을 위한 협의회 참석 요청,5년,비공개,5호,공개,,
교무처 교무과,2008,교원인사(복무)관리,위원추천(외부),지방교육재정 총액배분에 관한 연구 추진을 위한 협의회 참석 요청,5년,비공개,5호,공개,,
교무처 교무과,2008,교원인사(복무)관리,위원추천(외부),지방교육재정관련 정책연구 추진을 위한 협의회 참석 요청,5년,비공개,5호,공개,,
교무처 교무과,2008,교원인사(복무)관리,위원추천(외부),지방교육재정관련 정책연구 추진을 위한 협의회 참석 요청,5년,비공개,5호,공개,,
교무처 교무과,2008,교원인사(복무)관리,위원추천(외부),특수학교 교육과정 심의회 참석 협조 요청,5년,비공개,5호,공개,,
교무처 교무과,2008,교원인사(복무)관리,외부심사위원추천(교수공채),2008학년도 제1차 교수초빙 심사위원 후보자 추천 의뢰,5년,비공개,1호,공개,,
교무처 교무과,2008,교원인사(복무)관리,위원추천(외부),제2회 대전광역시 교육정보화연구대회 교육용S/W분과 작품 심사 위원 위촉,5년,비공개,1호,공개,,
교무처 교무과,2008,부설학교교원인사(복무)관리,부설학교 일반문서,2008년도 국립 교(원)장 및 교(원)감 자격연수 인원배정 통보,5년,비공개,5호,공개,,
교무처 교무과,2008,부설학교교원인사(복무)관리,부설학교 일반문서,2008년도 국립학교 교(원)장 및 교(원)감 자격연수대상자 명단 제출요청,5년,비공개,5호,공개,,
교무처 교무과,2008,부설학교교원인사(복무)관리,부설학교 일반문서,2008년도 국립학교 교(원)장 자격연수대상자 및 교(원)감 자격연수 면접고사대상자 통보 등,5년,비공개,5호,공개,,
교무처 교무과,2008,부설학교교원인사(복무)관리,부설학교 일반문서,국립 초중등학교 원어민 영어보조교사 초청활용사업 성과평가 지침 재안내,5년,비공개,5호,공개,,
교무처 교무과,2008,입시관리,2008 대학입시,2008학년도 대학 신입생 미충원 인원 이월 승인 및 초과모집에 따른 조치 내용 통보(공주대),5년,비공개,7호,공개,,
교무처 교무과,2008,입시관리,2008 대학입시,2008학년도 대학 신입생 미충원 인원 이월 승인 신청 및 초과모집 현황 제출,5년,비공개,7호,공개,,
교무처 교무과,2008,입시관리,2008 대학입시,2008학년도 정시 대학별 고사 문제 제출,5년,비공개,7호,공개,,
교무처 교무과,2008,입시관리,2008 대학입시,대학 신입생 확인을 위한 수능응시원서 제공,5년,비공개,7호,비공개,6호,"성명, 생년월일 등"
교무처 교무과,2008,입시관리,2009 대학입시,대학 신입생 확인을 위한 수능응시원서 제공 계획 알림,5년,비공개,7호,공개,,
교무처 교무과,2008,입시관리,2009 대학입시,대학수학능력시험 및 재외국민과 외국인 특별전형 관련 외국소재 학교 파악 협조 요청,5년,비공개,7호,공개,,
교무처 교무과,2008,입시관리,2008 대학입시,민원알림(추가모집 지원방법 관련 민원),5년,비공개,6호,공개,,
교무처 교무과,2008,입시관리,2009 대학입시,2008년 2월 고등학교 졸업자격 미취득자 현황 안내,5년,비공개,6호,비공개,6호,"성명, 생년월일 등"
교무처 교무과,2008,입시관리,2009 대학입시,2009학년도 특수교육대상자  특별전형 확대 협조 요청,5년,비공개,5호,공개,,
교무처 교무과,2008,교원상벌,교육공무원 징계,2007년도 교육공무원 징계현황 제출,준영구,비공개,6호,공개,,
교무처 교무과,2008,교원상벌,상훈,2008년 2월말 퇴직교원 포상관련 추천제한자 통보 및 이의신청 안내,준영구,비공개,6호,비공개,6호,"성명, 생년월일 등"
교무처 교무과,2008,교원상벌,상훈,(긴급) 2008년 2월말 퇴직교원 교육부장관표창 추천 대상자 명단 최종 확인 요청,준영구,비공개,5호,부분공개,5호,"성명, 생년월일 등"
교무처 교무과,2008,교원임용(위촉),겸임교원,겸임교원 임용 동의통보(공주대 서문석),준영구,비공개,6호,비공개,6호,"성명, 주민등록번호"
교무처 교무과,2008,교원임용(위촉),교원면직,교육공무원 의원면직 예정자 비위 여부 사실 확인 회보,준영구,비공개,6호,비공개,6호,"성명, 생년월일 등"
교무처 교무과,2008,교원임용(위촉),신규임용,공주대학교 전력조회 회보,준영구,비공개,6호,비공개,6호,"성명, 생년월일 등"
교무처 교무과,2008,교원임용(위촉),신규임용,전력조사 결과 회보,준영구,비공개,6호,비공개,6호,"성명, 생년월일 등"
교무처 교무과,2008,교원임용(위촉),신규임용,전력조회 회보,준영구,비공개,6호,비공개,6호,"성명, 생년월일 등"
교무처 교무과,2008,교원임용(위촉),교원 승진(상위직명으로의 재계약),2008.4.1자 승진임용대상자 연구실적심사결과 송부,준영구,비공개,5호,공개,,
교무처 교무과,2008,교원임용(위촉),교원면직,국가공무원 명예퇴직수당 지급대상자 결정 통보,준영구,비공개,"5호,6호",공개,,
교무처 교무과,2008,학내규정제개정폐지,규정제·개정및폐지,국.공립학교 행정소송 제기 여부와 결과 조사 협조 요청,준영구,비공개,6호,공개,,
사무국 총무과,2008,공익근무요원관리,공익근무요원접수철,공익근무요원 1월분 급여 환수 요청,3년,비공개,6호,비공개,6호,개인 급여 관련 정보
사무국 총무과,2008,공익근무요원관리,공익근무요원접수철,공익근무요원 복무기관 재지정 알림,3년,비공개,6호,부분공개,6호,성명 등 개인정보
사무국 총무과,2008,공익근무요원관리,공익근무요원접수철,공익근무요원 복무분야변경 승인 알림,3년,비공개,6호,부분공개,6호,성명 등 개인정보
사무국 총무과,2008,공익근무요원관리,공익근무요원접수철,2008년도 상반기 공익근무요원 복무담당자 교육 실시,3년,비공개,5호,부분공개,6호,성명 등 개인정보
사무국 총무과,2008,공익근무요원관리,공익근무요원접수철,2008년도 상반기 공익대표자교육 실시,3년,비공개,5호,부분공개,6호,성명 등 개인정보
사무국 총무과,2008,복무,복무일반,2008년도 하계 휴가계획 수립 실시,3년,비공개,6호,공개,,
사무국 총무과,2008,복무,초과근무,2008년도 초과근무수당제도 주요 변경사항 안내,3년,비공개,6호,공개,,
사무국 총무과,2008,복무,초과근무,초과근무 지급실태 점검계획 알림,3년,비공개,6호,공개,,
사무국 총무과,2008,복무,초과근무,초과근무수당 운영실태 점검결과 통보,3년,비공개,6호,부분공개,6호,성명 등 개인정보
사무국 총무과,2008,복무,공무국외여행,관용여권 접수기관 확대,3년,비공개,5호,공개,,
사무국 총무과,2008,복무,복무일반,교육과학기술부로의 명칭변경에 의한 공무원증 교체 안내,3년,비공개,5호,부분공개,6호,성명 등 개인정보
사무국 총무과,2008,복무,공직기강 및 반부패,공무원 복무 강화 협조 요청,3년,비공개,"5호,6호",공개,,
사무국 총무과,2008,복무,복무일반,기관장 공무원증 일괄교체 안내,3년,비공개,"5호,6호",부분공개,6호,성명 등 개인정보
사무국 총무과,2008,복무,복무일반,기관장 공무원증 일괄교체 안내,3년,비공개,"5호,6호",부분공개,6호,성명 등 개인정보
사무국 총무과,2008,처리과서무,일반서무(내부),전공노 불법집회 장소 사용 불허 요청,3년,비공개,8호,공개,,
사무국 총무과,2008,처리과서무,일반서무(외부),<긴급>대통령주제 대학총장 오찬 간담회 참석자등  인적사항 제출,3년,비공개,6호,부분공개,6호,성명 등 개인정보
사무국 총무과,2008,처리과서무,일반서무(외부),<긴급>대통령주제 대학총장 오찬 간담회 참석자등  인적사항 제출,3년,비공개,6호,부분공개,6호,성명 등 개인정보
사무국 총무과,2008,처리과서무,일반서무(외부),대통령 해외순방 기간 중 공직기강 확립 철저,3년,비공개,6호,공개,,
사무국 총무과,2008,처리과서무,일반서무(외부),"""노동절 행사"" 공무원 참여 불허 등 복무관리 철저",3년,비공개,"5호,6호",공개,,
사무국 총무과,2008,처리과서무,일반서무(외부),공무원 근무기강 확립 지침 통보,3년,비공개,"5호,6호",공개,,
사무국 총무과,2008,공무원단체지원,공무원노동조합,공무원 노사교육 현황 제출,5년,비공개,1호,공개,,
사무국 총무과,2008,공무원단체지원,공무원노동조합,공무원단체 현황조사 자료 제출,5년,비공개,1호,공개,,
사무국 총무과,2008,공직자재산등록및공개,재산등록일반,재산등록의무자 등 신고자 현황 제출,5년,비공개,6호,부분공개,6호,성명 등 개인정보
사무국 총무과,2008,인사관리,공무원정원,【긴급】각급기관 정.현원 현황 제출,5년,비공개,6호,공개,,
사무국 총무과,2008,인사관리,비정규직,저소득층의 행정지원인력 활용 수정계획 통보,5년,비공개,6호,부분공개,6호,성명 등 개인정보
사무국 총무과,2008,인사관리,비정규직,저소득층의 행정지원인력 활용계획 통보,5년,비공개,6호,부분공개,6호,성명 등 개인정보
사무국 총무과,2008,인사관리,인사지침,'신원조사업무지침' 개정 시행 알림,5년,비공개,6호,공개,,
사무국 총무과,2008,인사관리,인사지침,08년 공무원보수관계 법령의 개정·시행에 따른 인사 및 보수업무 담당자 교육참석 요청,5년,비공개,6호,부분공개,6호,성명 등 개인정보
사무국 총무과,2008,인사관리,인사지침,「인사관계법령에 따른 인사관리지침」 등 개정 대통령령 및 예규 통보,5년,비공개,6호,공개,,
사무국 총무과,2008,인사관리,인사지침,「인사관계법령에 따른 인사관리지침」등 개정 예규 통보,5년,비공개,6호,공개,,
사무국 총무과,2008,인사관리,인사지침,국가유공자 기능직공무원 우선채용 협조 요청,5년,비공개,6호,공개,,
사무국 총무과,2008,인사관리,일반서무,07년 행정기관내 퇴직공무원 활용실적 및 08년 공공부문 고령자 우선고용직종 채용현황 제출,5년,비공개,6호,공개,,
사무국 총무과,2008,인사관리,일반서무,2007년도 기관별 취업제한 대상 퇴직공직자 명단 제출,5년,비공개,6호,부분공개,6호,성명 등 개인정보
사무국 총무과,2008,인사관리,일반서무,2008년 상반기 부패공직자(비위면직자) 현황 제출 요청,5년,비공개,6호,부분공개,6호,성명 등 개인정보
사무국 총무과,2008,인사관리,일반서무,「고위공무원단 포털」사이트 이용 협조 요청,5년,비공개,6호,공개,,
사무국 총무과,2008,인사관리,일반서무,장애인공무원 고용현황  및 08년 채용계획 제출,5년,비공개,6호,공개,,
사무국 총무과,2008,인사관리,채용관리,신원조사 요청시 제출서류 변경 알림,5년,비공개,6호,공개,,
사무국 총무과,2008,인사관리,공무원정원,2008년도 국가공무원 정원조정 결과 통보,5년,비공개,5호,공개,,
사무국 총무과,2008,인사관리,공무원정원,2009년도 국가공무원 소요정원 제출,5년,비공개,5호,공개,,
사무국 총무과,2008,인사관리,공무원정원,국립대학 4급 및 5급 근무지원 소요 파악,5년,비공개,5호,공개,,
사무국 총무과,2008,인사관리,공무원정원,정현원 현황 파악,5년,비공개,5호,공개,,
사무국 총무과,2008,인사관리,비정규직,'07년 국립대학 무기계약 미전환자에 대한 전환여부 등 제출,5년,비공개,5호,부분공개,6호,성명 등 개인정보
사무국 총무과,2008,인사관리,비정규직,공공기관 외주화 개선 권고사항 이행여부 점검자료 제출,5년,비공개,5호,공개,,
사무국 총무과,2008,인사관리,인사지침,통합 VPN 활용을 위한 업그레이드 VPN 장비 참고 자료 송부,5년,비공개,5호,공개,,
사무국 총무과,2008,인사관리,일반서무,개방형 및 공모직위 변경을 위한 수요 조사,5년,비공개,5호,공개,,
사무국 총무과,2008,인사관리,전보일반,4급 및 5급 본부전입희망자 모집 안내,5년,비공개,5호,공개,,
사무국 총무과,2008,인사관리,전보일반,인사발령 통지(7.1),5년,비공개,5호,공개,,
사무국 총무과,2008,인사관리,인사지침,고위공무원 직위 지정을 위한 수요 조사,5년,비공개,"5호,6호",공개,,
사무국 총무과,2008,인사관리,인사지침,정년연장관련 국가공무원법 개정내용 알림,5년,비공개,"5호,6호",공개,,
사무국 총무과,2008,인사관리,일반서무,2008년 6월 30일 정년퇴직예정자(5급 이상) 기본증명서 제출,5년,비공개,"5호,6호",부분공개,6호,성명 등 개인정보
사무국 총무과,2008,인사관리,일반서무,공무원(사서주사) 파견 희망자 조사,5년,비공개,"5호,6호",부분공개,6호,성명 등 개인정보
사무국 총무과,2008,인사관리,일반서무,공무원임용령 주요 개정 내용 알림,5년,비공개,"5호,6호",공개,,
사무국 총무과,2008,인사관리,일반서무,국가공무원 명예퇴직수당 지급대상자 결정 통보,5년,비공개,"5호,6호",부분공개,6호,성명 등 개인정보
사무국 총무과,2008,인사관리,일반서무,국가공무원 명예퇴직수당 지급대상자 결정 통보,5년,비공개,"5호,6호",부분공개,6호,성명 등 개인정보
사무국 총무과,2008,인사관리,일반서무,국립특수교육원 전입공무원 모집 안내,5년,비공개,"5호,6호",공개,,
사무국 총무과,2008,인사관리,채용관리,2008년 6월말 명예퇴직 신청 기한 안내,5년,비공개,"5호,6호",공개,,
사무국 총무과,2008,인사관리,채용관리,2009년도 기관별 공무원충원계획 등 제출 요청,5년,비공개,"5호,6호",공개,,
사무국 총무과,2008,처리과감사,감사일반,감사인력풀 대상자 추천 의뢰,5년,비공개,6호,공개,,
사무국 총무과,2008,처리과감사,감사일반(외부),2008년 감사원 감사대상기관 총람 수정 제출,5년,비공개,6호,부분공개,6호,성명 등 개인정보
사무국 총무과,2008,처리과감사,감사일반(외부),2008년도 기관별 국회업무 담당부서 및 담당자  명단 제출 요청,5년,비공개,6호,부분공개,6호,성명 등 개인정보
사무국 총무과,2008,처리과감사,감사일반(외부),감사인력풀 대상자 추천 의뢰,5년,비공개,6호,공개,,
사무국 총무과,2008,처리과감사,감사일반(외부),민원제기 사항 조사의뢰,5년,비공개,6호,부분공개,6호,성명 등 개인정보
사무국 총무과,2008,처리과감사,감사일반,감사인력풀 확정 및 교육실시 통보,5년,비공개,"6호,7호",부분공개,6호,성명 등 개인정보
사무국 총무과,2008,처리과감사,감사일반(외부),감사인력풀 요원 출장 협조 요청,5년,비공개,"6호,7호",부분공개,6호,성명 등 개인정보
사무국 총무과,2008,처리과감사,감사일반(외부),감사인력풀 요원 출장 협조 요청,5년,비공개,"6호,7호",부분공개,6호,성명 등 개인정보
사무국 총무과,2008,처리과보안,보안업무,"""2007년도 하반기 비밀취급인가자 및 비밀소유 현황"" 미제출 기관 알림",5년,비공개,6호,비공개,6호,"비밀취급 관련, 개인정보"
사무국 총무과,2008,처리과보안,보안업무,2008년도 상반기 비밀취급인가자 및 비밀소유 현황 제출,5년,비공개,2호,비공개,1호,비밀취급 관련
사무국 총무과,2008,처리과보안,보안업무,'비밀소유현황' 제출,5년,비공개,1호,비공개,1호,비밀취급 관련
사무국 총무과,2008,처리과보안,보안업무,2007년도 하반기 비밀취급인가자 및 비밀소유 현황 제출,5년,비공개,1호,비공개,1호,비밀취급 관련
사무국 총무과,2008,교육훈련,교육훈련,2008 엑셀실무과정 제3기 수료자 명단 송부,10년,비공개,6호,부분공개,6호,성명 등 개인정보
사무국 총무과,2008,교육훈련,교육훈련,2008 지식관리전략과정 및 평생교육과정 제1기 수료자 명단 송부,10년,비공개,6호,부분공개,6호,성명 등 개인정보
사무국 총무과,2008,교육훈련,교육훈련,2008 홍보기획력향상과정 수료자 명단 송부,10년,비공개,6호,부분공개,6호,성명 등 개인정보
사무국 총무과,2008,교육훈련,교육훈련,2008년도 상반기 외국어위탁교육 대상자 선발 통보,10년,비공개,6호,부분공개,6호,성명 등 개인정보
사무국 총무과,2008,교육훈련,교육훈련,교육과학기술연수원 2008년도 제3차 사이버교육 수료자 명단 송부,10년,비공개,6호,부분공개,6호,성명 등 개인정보
사무국 총무과,2008,교육훈련,교육훈련,교육과학기술연수원 2008년도 제4차 사이버교육 수료자 명단 송부,10년,비공개,6호,부분공개,6호,성명 등 개인정보
사무국 총무과,2008,교육훈련,교육훈련,교육과학기술연수원 2008년도 제5차 사이버연수 수료자 명단 송부,10년,비공개,6호,부분공개,6호,성명 등 개인정보
사무국 총무과,2008,교육훈련,교육훈련,교육과학기술연수원 2008년도 제6차 사이버교육 수료자 명단 송부,10년,비공개,6호,부분공개,6호,성명 등 개인정보
사무국 총무과,2008,교육훈련,교육훈련,정보화교육 수료자 명단 통보,10년,비공개,6호,부분공개,6호,성명 등 개인정보
사무국 총무과,2008,교육훈련,교육훈련,정보화교육 수료자 명단 통보,10년,비공개,6호,부분공개,6호,성명 등 개인정보
사무국 총무과,2008,교육훈련,교육훈련,정보화교육 수료자 명단 통보,10년,비공개,6호,부분공개,6호,성명 등 개인정보
사무국 총무과,2008,교육훈련,교육훈련,정보화교육 수료자 명단 통보,10년,비공개,6호,부분공개,6호,성명 등 개인정보
사무국 총무과,2008,교육훈련,교육훈련,정보화교육 수료자 명단 통보,10년,비공개,6호,부분공개,6호,성명 등 개인정보
사무국 총무과,2008,교육훈련,교육훈련,정보화교육 수료자 명단 통보,10년,비공개,6호,부분공개,6호,성명 등 개인정보
사무국 총무과,2008,교육훈련,교육훈련,통계교육원 「제3기 전산기초과정」교육대상자 알림,10년,비공개,6호,부분공개,6호,성명 등 개인정보
사무국 총무과,2008,교육훈련,교육훈련,통계교육원 제2기 프리젠테이션기법향상과정 교육대상자 알림,10년,비공개,6호,부분공개,6호,성명 등 개인정보
사무국 총무과,2008,교육훈련,교육훈련,행정안전부 「제1차 민간위탁 전문교육」과정 대상자 알림,10년,비공개,6호,부분공개,6호,성명 등 개인정보
사무국 총무과,2008,교육훈련,교육훈련,2008 파워포인트실무과정 제4기 외 2개 과정 수료자 명단 송부,10년,비공개,5호,부분공개,6호,성명 등 개인정보
사무국 총무과,2008,교육훈련,교육훈련,"교육과학기술연수원 2008년 제1,2차 사이버교육 수료자 명단 송부",10년,비공개,5호,부분공개,6호,성명 등 개인정보
사무국 총무과,2008,교육훈련,교육훈련,정부전자문서유통체계고도화3단계사업 완료보고회 참석자에 대한 상시학습시간 인정요청,10년,비공개,5호,부분공개,6호,성명 등 개인정보
사무국 총무과,2008,교육훈련,교육훈련,07년 11~12월 교육훈련기관별 이수자 명단 통보(9차),10년,비공개,"5호,6호",부분공개,6호,성명 등 개인정보
사무국 총무과,2008,교육훈련,교육훈련,2008년도 상반기 외국어 위탁교육 대상자 추천,10년,비공개,"5호,6호",부분공개,6호,성명 등 개인정보
사무국 총무과,2008,사무관리,전자문서시스템운영,전자문서유통을 위한 정부LDAP 변경 요청사항,10년,비공개,6호,공개,,
사무국 총무과,2008,사무관리,전자문서시스템운영,정부전자문서유통서비스 연중계모듈 배포계획 알림,10년,비공개,5호,공개,,
사무국 총무과,2008,예비군,예비군접수철,전시 학생군사훈련 계획에 대한 의견 제출 요청,10년,비공개,2호,비공개,1호,비밀취급 관련
사무국 총무과,2008,처리과민원,민원일반,민원서류 이송,10년,비공개,6호,비공개,6호,개인정보
사무국 총무과,2008,처리과민원,민원일반,민원서류 이첩(공주대학교),10년,비공개,6호,비공개,6호,개인정보
사무국 총무과,2008,처리과민원,민원일반,민원이송,10년,비공개,6호,비공개,6호,개인정보
사무국 총무과,2008,처리과민원,민원일반,민원이송,10년,비공개,6호,비공개,6호,개인정보
사무국 총무과,2008,상훈,정부포상,2008. 상반기 퇴직공무원 등 정부포상물 배부 안내,준영구,비공개,6호,공개,,
사무국 총무과,2008,상훈,정부포상,2008년 하반기 퇴직공무원(일반) 정부포상 추천,준영구,비공개,6호,부분공개,6호,성명 등 개인정보
사무국 총무과,2008,상훈,정부포상,2008년도 모범공무원 선발계획 통보(국립기관),준영구,비공개,6호,공개,,
사무국 총무과,2008,상훈,정부포상,2008학년도 대학입학관련 유공자 추천 의뢰,준영구,비공개,5호,공개,,
사무국 총무과,2008,상훈,정부포상,2008학년도 대학입학관련 유공자 추천 의뢰,준영구,비공개,5호,공개,,
사무국 총무과,2008,상훈,정부포상,2008년 상반기 퇴직공무원 정부포상 추천,준영구,비공개,"5호,6호",공개,,
사무국 총무과,2008,상훈,정부포상,2008년 퇴직공무원 정부포상 유의사항 및 추가제출 서류 안내,준영구,비공개,"5호,6호",공개,,
사무국 총무과,2008,상훈,정부포상,2008년 하반기 퇴직공무원(일반) 정부포상 추가서류 제출 안내,준영구,비공개,"5호,6호",공개,,
사무국 총무과,2008,상훈,정부포상,2008년도 정부포상업무지침 통보,준영구,비공개,1호,공개,,
사무국 총무과,2008,심사,성과계약,직무성과계약 최종평가 심의결과 알림,준영구,비공개,6호,부분공개,6호,성명 등 개인정보
사무국 총무과,2008,심사,근무평정,5급이하 공무원 승진후보자명부 작성을 위한 자료 제출,준영구,비공개,"5호,6호",공개,,
사무국 총무과,2008,심사,근무평정,5급이하 공무원 승진후보자명부 작성을 위한 자료 제출,준영구,비공개,"5호,6호",공개,,
사무국 총무과,2008,인사발령대장,인사발령통지,인사발령 통지(6.30),준영구,비공개,5호,공개,,
사무국 총무과,2008,인사발령대장,인사발령통지,인사발령 통지(7.1),준영구,비공개,5호,공개,,
사무국 총무과,2008,징계,징계일반,2003년도 이후 공무원 징계현황 제출,준영구,비공개,6호,부분공개,6호,성명 등 개인정보
사무국 총무과,2008,징계,징계일반,공무원 징계종류별 비위통계 제출,준영구,비공개,1호,부분공개,6호,성명 등 개인정보
사무국 시설과,2008,처리과서무,건축공문서철,2008년 시설공사 집행계획 통보 요청,3년,비공개,6호,공개,,
사무국 시설과,2008,처리과서무,건축공문서철,"건설공사 법정보험료(국민연금,건강보험료) 사후정산 관련 자료제출",3년,비공개,6호,공개,,
사무국 시설과,2008,처리과예산회계,전기통신계약,조달요청에 대한 구매추진안내-00082012900,5년,비공개,"7호,8호",공개,,
공과대학 행정실,2008,처리과서무,전산업무,2008년도 어르신 IT봉사단 상반기 실적현황 제출,3년,비공개,6호,부분공개,6호,"사진,주민등록증,통장사본 등 개인식별정보"
공과대학 행정실,2008,처리과서무,전산업무,학내 홈페이지 개인정보노출 방지 및 관리대장 관리 협조 요청,3년,비공개,6호,부분공개,6호,전화번호 등 개인정보
공과대학 행정실,2008,처리과서무,전산업무,학내 홈페이지 업데이트 요청 및 평가 계획 안내,3년,비공개,6호,부분공개,6호,전화번호 등 개인정보
공과대학 행정실,2008,처리과서무,정보화교육,2008년도 어르신 IT봉사단 운영 신청서 제출,3년,비공개,6호,부분공개,6호,"사진,주민등록증,통장사본 등 개인식별정보"
공과대학 행정실,2008,처리과서무,정보화교육,2008년도 어르신 IT봉사단 하반기 실적현황 제출,3년,비공개,6호,부분공개,6호,"사진,주민등록증,통장사본 등 개인식별정보"
공과대학 행정실,2008,처리과서무,전산업무,2008년 2월 어르신정보화교육 실적 보고,3년,비공개,"5호,6호",부분공개,6호,"사진,주민등록증,통장사본 등 개인식별정보"
공과대학 행정실,2008,처리과서무,전산업무,공과대학 홈페이지 수정자료 요청,3년,비공개,"5호,6호",부분공개,6호,전화번호 등 개인정보
공과대학 행정실,2008,처리과서무,전산업무,컴퓨터 및 프린터 유지보수,3년,비공개,"5호,6호",부분공개,6호,성명 등 개인식별정보
공과대학 행정실,2008,처리과서무,정보화교육,2008년 10월 어르신정보화교육 실적 제출,3년,비공개,"5호,6호",부분공개,6호,"사진, 성명 등 개인식별정보"
공과대학 행정실,2008,처리과서무,정보화교육,2008년 11월 어르신정보화교육 실적 제출,3년,비공개,"5호,6호",부분공개,6호,"사진, 성명 등 개인식별정보"
공과대학 행정실,2008,처리과서무,정보화교육,2008년 12월 어르신정보화교육 실적 제출,3년,비공개,"5호,6호",부분공개,6호,"사진, 성명 등 개인식별정보"
공과대학 행정실,2008,처리과서무,정보화교육,2008년 3월 어르신정보화교육 실적 제출,3년,비공개,"5호,6호",부분공개,6호,"사진, 성명 등 개인식별정보"
공과대학 행정실,2008,처리과서무,정보화교육,2008년 5월 어르신정보화교육 실적 제출,3년,비공개,"5호,6호",부분공개,6호,"사진, 성명 등 개인식별정보"
공과대학 행정실,2008,처리과서무,정보화교육,2008년 7월 어르신정보화교육 실적 제출,3년,비공개,"5호,6호",부분공개,6호,"사진, 성명 등 개인식별정보"
공과대학 행정실,2008,처리과서무,정보화교육,2008년 8월 어르신정보화교육 실적 제출,3년,비공개,"5호,6호",부분공개,6호,"사진, 성명 등 개인식별정보"
공과대학 행정실,2008,처리과서무,정보화교육,2008년 9월 어르신정보화교육 실적 제출,3년,비공개,"5호,6호",부분공개,6호,"사진, 성명 등 개인식별정보"
공과대학 행정실,2008,처리과서무,정보화교육,2008년 고령층정보화교육사업 협약서 제출,3년,비공개,"5호,6호",부분공개,6호,"사진, 성명 등 개인식별정보"
공과대학 행정실,2008,처리과서무,정보화교육,『2008년 10월 어르신정보화교육』 실시,3년,비공개,"5호,6호",부분공개,6호,"사진, 성명 등 개인식별정보"
공과대학 행정실,2008,처리과서무,정보화교육,『2008년 11월 어르신정보화교육』 실시,3년,비공개,"5호,6호",부분공개,6호,"사진, 성명 등 개인식별정보"
공과대학 행정실,2008,처리과서무,정보화교육,『2008년 12월 어르신정보화교육』 실시,3년,비공개,"5호,6호",부분공개,6호,"사진, 성명 등 개인식별정보"
공과대학 행정실,2008,처리과서무,정보화교육,『2008년 2월 어르신정보화교육』 실시,3년,비공개,"5호,6호",부분공개,6호,"사진, 성명 등 개인식별정보"
공과대학 행정실,2008,처리과서무,정보화교육,『2008년 3월 어르신정보화교육』 실시,3년,비공개,"5호,6호",부분공개,6호,"사진, 성명 등 개인식별정보"
공과대학 행정실,2008,처리과서무,정보화교육,『2008년 4월 어르신정보화교육』 실시,3년,비공개,"5호,6호",부분공개,6호,"사진, 성명 등 개인식별정보"
공과대학 행정실,2008,처리과서무,정보화교육,『2008년 6월 어르신정보화교육』 실시,3년,비공개,"5호,6호",부분공개,6호,"사진, 성명 등 개인식별정보"
공과대학 행정실,2008,처리과서무,정보화교육,『2008년 7월 어르신정보화교육』 실시,3년,비공개,"5호,6호",부분공개,6호,"사진, 성명 등 개인식별정보"
공과대학 행정실,2008,처리과서무,정보화교육,『2008년 8월 어르신정보화교육』 실시,3년,비공개,"5호,6호",부분공개,6호,"사진, 성명 등 개인식별정보"
공과대학 행정실,2008,교원인사(복무)관리,위원추천,조달청 기술평가위원 후보자 추가 등록안내,5년,비공개,5호,부분공개,6호,"성명,주민등록번호 등 개인식별정보"
공과대학 행정실,2008,세입세출결산,일반회계 일반서류철,구매협의[08GA2194],5년,비공개,7호,부분공개,6호,성명 등 특정인 개인정보
공과대학 행정실,2008,세입세출결산,일반회계 일반서류철,조달요청서 반려,5년,비공개,5호,부분공개,6호,성명 등 특정인 개인정보
공과대학 행정실,2008,세입세출결산,기성회계 일반서류철,시설공사 계약방법 결정(수의(소액)) (0825298-00),5년,비공개,"7호,8호",부분공개,6호,성명 등 특정인 개인정보
공과대학 행정실,2008,세입세출결산,기성회계 일반서류철,시설공사 계약체결 (0825298-00),5년,비공개,"7호,8호",부분공개,6호,성명 등 특정인 개인정보
공과대학 행정실,2008,세입세출결산,기성회계 일반서류철,시설공사 낙찰자 선정 (0825298-00),5년,비공개,"7호,8호",부분공개,6호,성명 등 특정인 개인정보
공과대학 행정실,2008,세입세출결산,일반회계 일반서류철,사전규격 공개에 따른 업무 협의(CNC소독기외),5년,비공개,"7호,8호",부분공개,6호,성명 등 특정인 개인정보
공과대학 행정실,2008,세입세출결산,일반회계 일반서류철,조달요청에 대한 구매추진안내-25083003400,5년,비공개,"7호,8호",부분공개,6호,성명 등 특정인 개인정보
공과대학 행정실,2008,세입세출결산,일반회계 일반서류철,조달요청에 대한 구매추진안내-25083187400,5년,비공개,"7호,8호",부분공개,6호,성명 등 특정인 개인정보
공과대학 행정실,2008,청사관리,교육시설확충,공주대학교 천안캠퍼스 산학협력 공장동 증축 전기공사 발주,5년,비공개,5호,부분공개,6호,성명 등 특정인 개인정보
공과대학 행정실,2008,청사관리,교육시설확충,공주대학교 천안캠퍼스 산학협력 공장동 증축 통신공사 발주,5년,비공개,5호,부분공개,6호,성명 등 특정인 개인정보
공과대학 행정실,2008,청사관리,교육시설확충,준공계(공주대학교 천안캠퍼스 산학협력 공장동 신축 전기공사),5년,비공개,5호,부분공개,6호,성명 등 특정인 개인정보
공과대학 행정실,2008,청사관리,교육시설확충,착공계(공주대학교 천안캠퍼스 산학협력공장동 증축 전기공사),5년,비공개,5호,부분공개,6호,성명 등 특정인 개인정보
공과대학 행정실,2008,청사관리,교육시설확충,착공계(공주대학교 천안캠퍼스 산학협력공장동 증축 통신공사),5년,비공개,5호,부분공개,6호,성명 등 특정인 개인정보
공과대학 행정실,2008,청사관리,교육시설확충,천안공과대학 3공학관외 4동 내부 개보수에 따른 소방공사 발주,5년,비공개,5호,부분공개,6호,성명 등 특정인 개인정보
공과대학 행정실,2008,청사관리,교육시설확충,천안공과대학 3공학관외 4동 내부 개보수에 따른 전기공사 발주,5년,비공개,5호,부분공개,6호,성명 등 특정인 개인정보
공과대학 행정실,2008,청사관리,교육시설확충,천안공과대학 3공학관외 4동 내부 개보수에 따른 통신공사 발주,5년,비공개,5호,부분공개,6호,성명 등 특정인 개인정보
공과대학 행정실,2008,청사관리,교육시설확충,천안캠퍼스 테니스코트 시설공사 설계변경(제1회),5년,비공개,5호,부분공개,6호,공사관련 통장사본 등 개인정보
공과대학 행정실,2008,청사관리,교육환경개선(건축공사),천안캠퍼스 기숙사 보수 및 패널설치공사,5년,비공개,5호,부분공개,6호,공사관련 도면 및 통장사본 등 개인정보
공과대학 행정실,2008,청사관리,교육환경개선(건축공사),"천안캠퍼스 제1,6공학관 외부계단 비가림 시설공사 발주",5년,비공개,5호,부분공개,6호,공사관련 도면 및 통장사본 등 개인정보
공과대학 행정실,2008,청사관리,교육환경개선(건축공사),"천안캠퍼스 제2,4공학관 증축 강의실 및 실험실(버티컬)설치",5년,비공개,5호,부분공개,6호,공사관련 도면 및 통장사본 등 개인정보
공과대학 행정실,2008,청사관리,교육환경개선(건축공사),천안캠퍼스 제5공학관 입부계단 창호공사,5년,비공개,5호,부분공개,6호,공사관련 도면 및 통장사본 등 개인정보
공과대학 행정실,2008,청사관리,교육환경개선(건축공사),천안캠퍼스 종합강의실 방음문 설치 및 기타 환경개선공사,5년,비공개,5호,부분공개,6호,공사관련 도면 및 통장사본 등 개인정보
공과대학 행정실,2008,청사관리,교육환경개선(전기공사),공주대학교 천안캠퍼스 화장실 환경개선 전기공사,5년,비공개,5호,부분공개,6호,공사관련 도면 및 통장사본 등 개인정보
공과대학 행정실,2008,청사관리,교육환경개선(전기공사),"공주캠퍼스 산업시스템공학과, 영상학과 PC실 전기공사",5년,비공개,5호,부분공개,6호,공사관련 도면 및 통장사본 등 개인정보
공과대학 행정실,2008,청사관리,교육환경개선(전기공사),"제5,7공학관 교수연구실 전열설비 전기공사",5년,비공개,5호,부분공개,6호,공사관련 도면 및 통장사본 등 개인정보
공과대학 행정실,2008,청사관리,교육환경개선(전기공사),제8공학관 8층 컴퓨터실 LAN설비 및 전기설비 공사,5년,비공개,5호,부분공개,6호,공사관련 도면 및 통장사본 등 개인정보
공과대학 행정실,2008,청사관리,교육환경개선(전기공사),준공계(공주대학교 천안캠퍼스 산학협력 공장동 신축 통신공사),5년,비공개,5호,부분공개,6호,공사관련 도면 및 통장사본 등 개인정보
공과대학 행정실,2008,청사관리,교육환경개선(전기공사),준공계(제8공학관 8층 컴퓨터실 LAN설비 및 전기설비 공사),5년,비공개,5호,부분공개,6호,공사관련 도면 및 통장사본 등 개인정보
공과대학 행정실,2008,청사관리,교육환경개선(전기공사),준공계(천안캠퍼스 공동구 전체 조명설비 보수공사),5년,비공개,5호,부분공개,6호,공사관련 도면 및 통장사본 등 개인정보
공과대학 행정실,2008,청사관리,교육환경개선(전기공사),준공계(천안캠퍼스 옥외보안등 본관 지하변전실에서 분기 공사),5년,비공개,5호,부분공개,6호,공사관련 도면 및 통장사본 등 개인정보
공과대학 행정실,2008,청사관리,교육환경개선(전기공사),"준공계(천안캠퍼스 전기, 통신, LAN설비 보수공사)",5년,비공개,5호,부분공개,6호,공사관련 도면 및 통장사본 등 개인정보
공과대학 행정실,2008,청사관리,교육환경개선(전기공사),준공계(천안캠퍼스 전기설비 저압 분전반 제작 구매 설치),5년,비공개,5호,부분공개,6호,공사관련 도면 및 통장사본 등 개인정보
공과대학 행정실,2008,청사관리,교육환경개선(전기공사),준공계(천안캠퍼스 정밀안전진단결과에 따른 전기 보수공사),5년,비공개,5호,부분공개,6호,공사관련 도면 및 통장사본 등 개인정보
공과대학 행정실,2008,청사관리,교육환경개선(전기공사),"준공계(천안캠퍼스 제5,7공학관 교수연구실 전열설비 전기공사)",5년,비공개,5호,부분공개,6호,공사관련 도면 및 통장사본 등 개인정보
공과대학 행정실,2008,청사관리,교육환경개선(전기공사),준공계(천안캠퍼스 제7공학관 리프트전원설비 및 기타 전기공사),5년,비공개,5호,부분공개,6호,공사관련 도면 및 통장사본 등 개인정보
공과대학 행정실,2008,청사관리,교육환경개선(전기공사),준공계(천안캠퍼스 조명설비 이설 전기공사),5년,비공개,5호,부분공개,6호,공사관련 도면 및 통장사본 등 개인정보
공과대학 행정실,2008,청사관리,교육환경개선(전기공사),준공계(천안캠퍼스 진입로 조명설비 및 기타 전기공사),5년,비공개,5호,부분공개,6호,공사관련 도면 및 통장사본 등 개인정보
공과대학 행정실,2008,청사관리,교육환경개선(전기공사),"준공계(천안캠퍼스 학부요청에 의한 전기, 통신, LAN설비공사)",5년,비공개,5호,부분공개,6호,공사관련 도면 및 통장사본 등 개인정보
공과대학 행정실,2008,청사관리,교육환경개선(전기공사),준공계(천안캠퍼스 화장실 환경개선 전기공사),5년,비공개,5호,부분공개,6호,공사관련 도면 및 통장사본 등 개인정보
공과대학 행정실,2008,청사관리,교육환경개선(전기공사),착공계(공주대학교 천안캠퍼스 화장실 환경개선 전기공사),5년,비공개,5호,부분공개,6호,공사관련 도면 및 통장사본 등 개인정보
공과대학 행정실,2008,청사관리,교육환경개선(전기공사),"착공계(제5,7공학관 교수연구실 전열설비 전기공사)",5년,비공개,5호,부분공개,6호,공사관련 도면 및 통장사본 등 개인정보
공과대학 행정실,2008,청사관리,교육환경개선(전기공사),착공계(제8공학관 8층 컴퓨터실 LAN설비 및 전기설비공사),5년,비공개,5호,부분공개,6호,공사관련 도면 및 통장사본 등 개인정보
공과대학 행정실,2008,청사관리,교육환경개선(전기공사),착공계(천안공과대학 제3공학관외 4동 내부 개보수 전기공사),5년,비공개,5호,부분공개,6호,공사관련 도면 및 통장사본 등 개인정보
공과대학 행정실,2008,청사관리,교육환경개선(전기공사),착공계(천안공과대학 제3공학관외 4동 내부 개보수 통신공사),5년,비공개,5호,부분공개,6호,공사관련 도면 및 통장사본 등 개인정보
공과대학 행정실,2008,청사관리,교육환경개선(전기공사),착공계(천안캠퍼스 공동구 전체 조명설비 보소공사),5년,비공개,5호,부분공개,6호,공사관련 도면 및 통장사본 등 개인정보
공과대학 행정실,2008,청사관리,교육환경개선(전기공사),착공계(천안캠퍼스 옥외보안등 본관 지하변전실에서 분기 공사),5년,비공개,5호,부분공개,6호,공사관련 도면 및 통장사본 등 개인정보
공과대학 행정실,2008,청사관리,교육환경개선(전기공사),착공계(천안캠퍼스 정밀안전진단결과에 따른 전기 보수공사),5년,비공개,5호,부분공개,6호,공사관련 도면 및 통장사본 등 개인정보
공과대학 행정실,2008,청사관리,교육환경개선(전기공사),착공계(천안캠퍼스 제7공학관 리프트전원설비 및 기타 전기공사),5년,비공개,5호,부분공개,6호,공사관련 도면 및 통장사본 등 개인정보
공과대학 행정실,2008,청사관리,교육환경개선(전기공사),착공계(천안캠퍼스 진입로 조명설비 및 기타 전기공사),5년,비공개,5호,부분공개,6호,공사관련 도면 및 통장사본 등 개인정보
공과대학 행정실,2008,청사관리,교육환경개선(전기공사),착공계(천안캠퍼스 테니스장 조명설비 이설 전기공사),5년,비공개,5호,부분공개,6호,공사관련 도면 및 통장사본 등 개인정보
공과대학 행정실,2008,청사관리,교육환경개선(전기공사),"착공계(천안캠퍼스 학부요청에 의한 전기, 통신, LAN설비공사)",5년,비공개,5호,부분공개,6호,공사관련 도면 및 통장사본 등 개인정보
공과대학 행정실,2008,청사관리,교육환경개선(전기공사),천안캠퍼스 강의실 및 연구실 무인기계경비설비 설치 공사,5년,비공개,5호,부분공개,6호,공사관련 도면 및 통장사본 등 개인정보
공과대학 행정실,2008,청사관리,교육환경개선(전기공사),천안캠퍼스 공동구 전체 조명설비 보수공사,5년,비공개,5호,부분공개,6호,공사관련 도면 및 통장사본 등 개인정보
공과대학 행정실,2008,청사관리,교육환경개선(전기공사),천안캠퍼스 변전실 VCB(진공차단기) 구입 및 설치,5년,비공개,5호,부분공개,6호,공사관련 도면 및 통장사본 등 개인정보
공과대학 행정실,2008,청사관리,교육환경개선(전기공사),천안캠퍼스 옥외보안등 본관 지하변전실에서 분기 공사,5년,비공개,5호,부분공개,6호,공사관련 도면 및 통장사본 등 개인정보
공과대학 행정실,2008,청사관리,교육환경개선(전기공사),천안캠퍼스 전기설비 저압 분전반 제작 구매,5년,비공개,5호,부분공개,6호,공사관련 도면 및 통장사본 등 개인정보
공과대학 행정실,2008,청사관리,교육환경개선(전기공사),천안캠퍼스 정밀안전진단결과에 따른 전기 보수공사,5년,비공개,5호,부분공개,6호,공사관련 도면 및 통장사본 등 개인정보
공과대학 행정실,2008,청사관리,교육환경개선(전기공사),천안캠퍼스 제7공학관 리프트전원설비 및 기타 전기공사,5년,비공개,5호,부분공개,6호,공사관련 도면 및 통장사본 등 개인정보
공과대학 행정실,2008,청사관리,교육환경개선(전기공사),천안캠퍼스 진입로 조명설비 및 기타  전기공사,5년,비공개,5호,부분공개,6호,공사관련 도면 및 통장사본 등 개인정보
공과대학 행정실,2008,청사관리,교육환경개선(전기공사),"천안캠퍼스 학부요청에 의한 전기, 통신, LAN설비 공사",5년,비공개,5호,부분공개,6호,공사관련 도면 및 통장사본 등 개인정보
공과대학 행정실,2008,청사관리,교육환경개선(전기공사),테니스장 조명설비 이설 전기공사,5년,비공개,5호,부분공개,6호,공사관련 도면 및 통장사본 등 개인정보
공과대학 행정실,2008,청사관리,교육환경개선(전기일반),2008년도 연회비 납부 안내,5년,비공개,5호,부분공개,6호,공사관련 도면 및 통장사본 등 개인정보
공과대학 행정실,2008,청사관리,교육환경개선(전기일반),DOD회선 설비비환급 시행,5년,비공개,5호,부분공개,6호,공사관련 도면 및 통장사본 등 개인정보
공과대학 행정실,2008,청사관리,교육환경개선(전기일반),DOD회선 설비비환급 시행,5년,비공개,5호,부분공개,6호,공사관련 도면 및 통장사본 등 개인정보
공과대학 행정실,2008,청사관리,교육환경개선(전기일반),일반회선 설비비환급 시행,5년,비공개,5호,부분공개,6호,공사관련 도면 및 통장사본 등 개인정보
공과대학 행정실,2008,청사관리,교육환경개선(환경),천안캠퍼스 오수처리장 여과재 교체공사,5년,비공개,5호,부분공개,6호,공사관련 도면 및 통장사본 등 개인정보
사범대학 행정실,2008,처리과서무,일반관계철,사범대학 시간강사 유가환급 추가 신청,3년,비공개,6호,공개,,
사범대학 행정실,2008,교육실습,교육실습관계철,2008 교육실습생(공주대학교) 평가 결과 송부,5년,비공개,6호,부분공개,6호,성명 등 개인정보
사범대학 행정실,2008,교육실습,교육실습관계철,2008교육실습 평가 총괄표 송부,5년,비공개,6호,부분공개,6호,성명 등 개인정보
사범대학 행정실,2008,교육실습,교육실습관계철,2008학년도 교육실습생 실습평가 통보,5년,비공개,6호,부분공개,6호,성명 등 개인정보
사범대학 행정실,2008,교육실습,교육실습관계철,교육실습 평가표 통보 (공주대학교),5년,비공개,6호,부분공개,6호,성명 등 개인정보
사범대학 행정실,2008,교육실습,교육실습관계철,교육실습 평가 총괄표(본실습) 송부,5년,비공개,5호,부분공개,6호,성명 등 개인정보
사범대학 행정실,2008,교육실습,교육실습관계철,교육실습생 평가표 송부,5년,비공개,3호,부분공개,6호,성명 등 개인정보
사범대학 행정실,2008,교육실습,교육실습관계철,2008학년도 공주대학교 5월 교육실습생 성적 송부,5년,비공개,1호,부분공개,6호,성명 등 개인정보
사범대학 행정실,2008,교육실습,교육실습관계철,2008학년도 공주대학교 교육실습생 실습결과 송부,5년,비공개,1호,부분공개,6호,성명 등 개인정보
사범대학 행정실,2008,자체학술연구지원,산학협력단,2008년 하반기 정책연구과제 지정연구자 선정 심의 의뢰,5년,비공개,5호,공개,,
산업과학대학 행정실,2008,교원업적관리,산학협력,2008년도 농업인교육계획 통보,5년,비공개,5호,공개,,
산업과학대학 행정실,2008,처리과예산회계,기성회계 계약관련,조달요청에 대한 구매추진안내-25083018400,5년,비공개,"7호,8호",공개,,
인문사회과학대학 행정실,2008,처리과서무,일반서무,2008 중·고등학생 TEE 교수·학습 자료개발 검토위원 변경 사항 알림,3년,비공개,5호,부분공개,5호,내부검토사항
도서관 자료지원과,2008,처리과예산회계,조달요청,조달요청에 대한 구매추진 안내-25083164601,5년,비공개,"7호,8호",공개,,
도서관 자료지원과,2008,처리과예산회계,조달요청,조달요청에 대한 구매추진안내-25083164600,5년,비공개,"7호,8호",공개,,
사범대학 부설유치원,2008,처리과서무,처리과서무 (Vol.1),2008년도 실천단계 장학지도 결과 환류 및 장학 유공 교원 표창 계획 알림,3년,비공개,7호,부분공개,6호,"성명, 개인정보 등 "
사범대학 부설유치원,2008,처리과서무,처리과서무 (Vol.1),행정전자서명(GPKI) 전환 전면 실시 안내,3년,비공개,7호,부분공개,6호,"성명, 개인정보 등 "
사범대학 부설유치원,2008,처리과서무,처리과서무 (Vol.1),국립유치원 원장 무시험 자격인정 대상자 명단 통보,3년,비공개,6호,부분공개,6호,"성명, 개인정보 등 "
사범대학 부설유치원,2008,처리과서무,처리과서무 (Vol.1),보충역 복무기록표 송부,3년,비공개,3호,부분공개,6호,"성명, 개인정보 등 "
사범대학 부설유치원,2008,유치원교사인사관리,유치원교사인사관리,2008년도 국립유치원 원장 무시험 검정원서 제출,10년,비공개,3호,부분공개,6호,"성명, 개인정보 등 "
창업보육센터,2008,처리과업무계획(보고)평가,중소기업청(대전충남지방중소기업청),창업보육센터 관련 질의 회신,5년,비공개,5호,공개,,
정보전산원,2008,처리과기록관리,문서(전자문서)관리,정부디렉토리서비스 전환에 따른 협조 요청,3년,비공개,7호,비공개,7호,시스템 정보
정보전산원,2008,처리과기록관리,문서(전자문서)관리,정부전자문서유통서비스 연중계모듈 배포계획 알림,3년,비공개,5호,비공개,5호,시스템 정보
정보전산원,2008,처리과기록관리,문서(전자문서)관리,정부전자문서유통서비스 연중계모듈 배포계획 알림,3년,비공개,5호,비공개,5호,시스템 정보
정보전산원,2008,처리과서무,전산관계철,사전규격공개 결과 통보,3년,비공개,5호,공개,,
정보전산원,2008,처리과서무,전산관계철,조달요청에 대한 구매추진안내-00085048000,3년,비공개,"7호,8호",공개,,
정보전산원,2008,학내정보보안,정보통신보안,통신자료제공요청,3년,비공개,8호,비공개,8호,시스템 취약점
정보전산원,2008,학내정보보안,개인정보보호,'08년 상반기 개인정보관리 실태조사 결과 통보 및 업무참조,3년,비공개,6호,비공개,6호,시스템 취약점
정보전산원,2008,학내정보보안,개인정보보호,언론보도 관련 개인정보 관리 실태 점검 결과  및 개선 조치 통보,3년,비공개,6호,비공개,6호,시스템 취약점
정보전산원,2008,학내정보보안,정보통신보안,교육인적자원부 통합 VPN을 활용한 e-사람 및 dBrain 동시접속서비스 안내,3년,비공개,5호,비공개,5호,시스템 취약점
정보전산원,2008,학내정보보안,정보통신보안,통합 VPN 활용을 위한 업그레이드 VPN 장비 참고 자료 송부,3년,비공개,5호,비공개,5호,시스템 취약점
정보전산원,2008,학내정보보안,정보통신보안,사이버침해사고 관련 조치사항 통보,3년,비공개,3호,비공개,3호,시스템 취약점
정보전산원,2008,학내정보보안,정보통신보안,USB메모리 바이러스 보안프로그램 배포,3년,비공개,2호,비공개,2호,시스템 취약점
정보전산원,2008,학내정보보안,정보통신보안,교육(행정)기관 정보보안 기본지침 관리 철저,3년,비공개,2호,비공개,2호,시스템 취약점
정보전산원,2008,학내정보보안,정보통신보안,웜바이러스 등 해킹사고 대응 조치사항  통보,3년,비공개,2호,비공개,2호,시스템 취약점
정보전산원,2008,학내정보보안,정보통신보안,이메일 보안관리 강화 통보,3년,비공개,2호,비공개,2호,시스템 취약점
정보전산원,2008,학내정보보안,정보통신보안,인터넷 DNS시스템 보안취약점 긴급 보완조치 통보,3년,비공개,2호,비공개,2호,시스템 취약점
정보전산원,2008,학내정보보안,정보통신보안,최근 발생 e-메일 해킹공격 형태 및 조치사항 통보,3년,비공개,2호,비공개,2호,시스템 취약점
정보전산원,2008,학내정보보안,정보통신보안,최신 e-메일 해킹공격 주의 통보,3년,비공개,2호,비공개,2호,시스템 취약점
정보전산원,2008,학내정보보안,정보통신보안,최신 해킹메일 유형 및 조치사항 통보,3년,비공개,2호,비공개,2호,시스템 취약점
정보전산원,2008,학내정보보안,정보통신보안,최신 해킹메일 유형 및 조치사항 통보,3년,비공개,2호,비공개,2호,시스템 취약점
정보전산원,2008,학내정보보안,정보통신보안,해외발 e-메일 해킹공격 빈발에 따른 보안강화 대책 통보,3년,비공개,2호,비공개,2호,시스템 취약점
정보전산원,2008,학내정보보안,정보통신보안,해킹 이메일 관련 조치사항 통보,3년,비공개,2호,비공개,2호,시스템 취약점
정보전산원,2008,학내정보보안,정보통신보안,행정안전부 전자정부서비스 보안수준 실태조사 결과 및 개선대책 통보,3년,비공개,2호,비공개,2호,시스템 취약점
정보전산원,2008,홈페이지운영관리,홈페이지관리,홈페이지 보안취약점 개선사항 통보,3년,비공개,7호,비공개,7호,시스템 취약점
정보전산원,2008,홈페이지운영관리,홈페이지관리,홈페이지 등 종교 편항적 내용 일제 정비 요청,3년,비공개,5호,비공개,5호,시스템 취약점
정보전산원,2008,홈페이지운영관리,홈페이지관리,홈페이지 등 종교 편항적 내용 일제 정비 요청관련 첨부파일 재발송,3년,비공개,5호,비공개,5호,시스템 취약점
정보전산원,2008,홈페이지운영관리,홈페이지관리,홈페이지 해킹 대응 조치,3년,비공개,2호,비공개,2호,시스템 취약점
사범대학 부설중학교,2008,처리과예산회계,일반회계,2008년도 공주대부설중학교 교육공무원 성과상여금 지급 요청,5년,비공개,6호,부분공개,6호,성명 등 개인정보
사범대학 부설고등학교,2008,처리과서무,일반서무,행정전자서명(GPKI) 전환 전면 실시 안내,3년,비공개,7호,부분공개,6호,개인정보
사범대학 부설고등학교,2008,처리과서무,연말정산관리,2007년도 근로소득 연말정산에 따른 자료 통보,3년,비공개,6호,비공개,6호,소득관리
사범대학 부설고등학교,2008,현장체험학습,현장체험학습,2008학년도 해외문화탐방 현장체험학습 제안서 심사결과 보고,3년,비공개,5호,비공개,5호,계약관리
사범대학 부설고등학교,2008,처리과예산회계,기타회계,온라인원격근무서비스 이용자 등록 신청서 제출,5년,비공개,6호,비공개,6호,개인정보
사범대학 부설고등학교,2008,인사발령대장,기타직인사,신원조회 의뢰,준영구,비공개,6호,비공개,6호,개인정보
산학협력단,2008,처리과서무,일반서무,학연협력 현황조사 협조 요청,3년,비공개,5호,공개,,
산학협력단,2008,처리과서무,일반서무,학연협력 현황조사 협조 요청,3년,비공개,5호,공개,,
산학협력단,2008,처리과예산회계,산학협력단 세입,농대영농정착교육과정 보조금 교부확정 및 정산액 지급 통보,5년,비공개,5호,부분공개,5호,계약정보
사범대학 부설고등학교,2008,교무업무일반,교무업무2,2009학년도 고입선발고사 시험장학교 교감 및 도감독관 회의 알림,1년,비공개,5호,공개,,
사범대학 부설고등학교,2008,교무업무일반,교무업무2,2009학년도 충청남도 고등학교 특례입학 자격 심사 규정 및 심사 계획 알림,1년,비공개,5호,비공개,6호,개인정보
사범대학 부설고등학교,2008,교무업무일반,교무업무2,2009학년도 후기 일반계 고등학교 고입전형 요강 승인 및 재신청 알림,1년,비공개,5호,공개,,
사범대학 부설고등학교,2008,교육활동연구,영어교육관련문서,[긴급] 교사 중 영어교육 관련 자격증 취득 교사 현황 파악 요청,1년,비공개,7호,비공개,6호,개인정보
사범대학 부설고등학교,2008,교육활동연구,영어교육관련문서,"[긴급] 초,중등 영어교사 TEE 현황 자료 제출 요청",1년,비공개,7호,공개,,
사범대학 부설고등학교,2008,교육활동연구,영어교육관련문서,초등학교 영어담당 교사 및 중등 영어교사 TEE 현황 2차 조사 자료 제출 알림,1년,비공개,7호,비공개,5호,감사
사범대학 부설고등학교,2008,교육활동연구,영어교육관련문서,[긴급] 제22회 한국중등영어교육연구회 동계세미나 참가 안내,1년,비공개,6호,비공개,6호,개인정보
사범대학 부설고등학교,2008,교육활동연구,영어교육관련문서,2008년도 영어전용교실 구축 계획서 점검 환류 자료 알림,1년,비공개,5호,비공개,6호,개인정보
사범대학 부설고등학교,2008,교육활동연구,학교생활,종합감사결과 처분 협조 요청,1년,비공개,5호,비공개,6호,소득관리
사범대학 부설고등학교,2008,학교홍보,학교홍보,고등학교 국어 검정기준(안) 등에 대한 교육과정 심의위원 검토 의뢰,1년,비공개,6호,비공개,6호,소득관리
사범대학 부설고등학교,2008,학교홍보,홍보자료부,교육공무원 겸직 허가 통보,1년,비공개,6호,공개,,
사범대학 부설고등학교,2008,학년업무,1 학년업무,5월 1학년 EBS 시청 및 학력신장 지도수당 지급,1년,비공개,5호,공개,,
사범대학 부설고등학교,2008,학년업무,1 학년업무,1분기 학력신장을 위한 EBS 시청 및 방송 지도비 징수,1년,비공개,"3호,8호",부분공개,6호,개인정보
사범대학 부설고등학교,2008,학력신장추진계획,방과후학교,2008 하반기 방과후학교 우수 교원 및 우수 기관 표창 알림,1년,비공개,5호,부분공개,6호,개인정보
사범대학 부설고등학교,2008,환경정화,환경교육부,2008 환경ㆍ물 관리ㆍ생활 경제 교육실적 제출,1년,비공개,7호,부분공개,6호,개인정보
사범대학 부설고등학교,2008,교과연구활동지원,교과연구활동관련철,충청남도 초·중등학교도서관 교과연구회 보고서 제출,3년,비공개,6호,비공개,6호,개인정보
사범대학 부설고등학교,2008,교과협의회운영,중국어교과관련업무,2008학년도 중등교원 연수자료 검토위원 협의,3년,비공개,4호,비공개,6호,개인정보
사범대학 부설고등학교,2008,교내교육정보화,교육행정,2007학년도 부여고등학교 연구학교 유공교원 부여자 명단 알림,3년,비공개,8호,비공개,6호,개인정보
사범대학 부설고등학교,2008,교내교육정보화,교무업무,교육행정정보시스템 인증서 신규발급,3년,비공개,6호,비공개,6호,개인정보
사범대학 부설고등학교,2008,교내교육정보화,교무업무,나이스인증서 재발급 신청,3년,비공개,6호,비공개,6호,개인정보
사범대학 부설고등학교,2008,교내교육정보화,교무업무,나이스인증서 재발급 신청,3년,비공개,6호,비공개,6호,개인정보
사범대학 부설고등학교,2008,교내교육정보화,교무업무,행정전자서명(GPKI) 전환에 따른 단체 및 기관신청서 제출,3년,비공개,6호,비공개,6호,개인정보
사범대학 부설고등학교,2008,교내교육정보화,교육행정,교육행정정보시스템 인증서 신규 발급 신청,3년,비공개,6호,비공개,6호,개인정보
사범대학 부설고등학교,2008,교내교육정보화,교육행정,교육행정정보시스템 인증서 신규발급 신청,3년,비공개,6호,비공개,6호,개인정보
사범대학 부설고등학교,2008,교내교육정보화,교육행정,교육행정정보시스템 인증서 재발급 신청,3년,비공개,6호,비공개,6호,개인정보
사범대학 부설고등학교,2008,교내교육정보화,교육행정,행정전자서명(GPKI) 전환에 따른 단체 및 기관신청서 제출,3년,비공개,6호,공개,,
사범대학 부설고등학교,2008,교내교육정보화,교육행정,2008학년도 연구학교 운영보고회 참석자 명단 제출 요청,3년,비공개,3호,비공개,6호,개인정보
사범대학 부설고등학교,2008,교무부업무,교무 일반 2,2008년도 교육수첩 발간자료 제출,3년,비공개,8호,공개,,
사범대학 부설고등학교,2008,교무부업무,교무 일반 2,교원 복무관리 철저 및 국외 체험 연수 대상자 선정시 유의사항 알림,3년,비공개,8호,공개,,
사범대학 부설고등학교,2008,교무부업무,교무 일반 2,2008년 교육수첩 발간자료 수정.보완 제출,3년,비공개,7호,부분공개,6호,개인정보
사범대학 부설고등학교,2008,교무부업무,학적서류철,2007학년도 초.중.고등학생 유학 및 귀국 현황 조사 관련 안내사항,3년,비공개,7호,부분공개,6호,개인정보
사범대학 부설고등학교,2008,교무부업무,학적서류철,2007학년도 초.중학생 유학 및 귀국 현황 조사,3년,비공개,7호,부분공개,6호,개인정보
사범대학 부설고등학교,2008,교무부업무,교무 일반 2,2008.09.01.자 중등교원 스승찾기 자료 및 교장·교감 명부 자료 제출,3년,비공개,6호,공개,,
사범대학 부설고등학교,2008,교무부업무,교무 일반 2,2008학년도 공립 중등교장 자격연수 대상자 명단 통보,3년,비공개,6호,비공개,6호,개인정보
사범대학 부설고등학교,2008,교무부업무,교무 일반 2,2009학년도 대학수학능력시험 경비경찰관 배정 안내,3년,비공개,6호,비공개,6호,개인정보
사범대학 부설고등학교,2008,교무부업무,교무 일반 2,교육과학기술부 종합감사 일정 알림,3년,비공개,6호,비공개,6호,개인정보
사범대학 부설고등학교,2008,교무부업무,학적서류철,2008년도 제2회 고입.고졸 검정고시 합격자 학력조회 의뢰,3년,비공개,6호,비공개,6호,개인정보
사범대학 부설고등학교,2008,교무부업무,학적서류철,국가유공자 및 자녀 재학확인 통보 의뢰,3년,비공개,6호,비공개,6호,개인정보
사범대학 부설고등학교,2008,교무부업무,학적서류철,국가유공자 및 자녀 재학확인 통보 의뢰,3년,비공개,6호,비공개,6호,개인정보
사범대학 부설고등학교,2008,교무부업무,학적서류철,전입학 동의서,3년,비공개,6호,공개,,
사범대학 부설고등학교,2008,교무부업무,학적서류철,전입학 동의서,3년,비공개,6호,부분공개,5호,시험관련
사범대학 부설고등학교,2008,교무부업무,학적서류철,학생 전출 결의서,3년,비공개,6호,비공개,6호,개인정보
사범대학 부설고등학교,2008,교무부업무,교무 일반 2,2008년도 7급공채 필기시험장 사용 협조요청,3년,비공개,5호,부분공개,6호,개인정보
사범대학 부설고등학교,2008,교무부업무,교무 일반 2,2009학년도 대학수학능력시험 시험장별 현황 안내,3년,비공개,5호,비공개,6호,개인정보
사범대학 부설고등학교,2008,교무부업무,교무일반,[긴급] 2009학년도 초빙교사 전입 동의 요청,3년,비공개,5호,비공개,6호,개인정보
사범대학 부설고등학교,2008,교무부업무,교무일반,「2008학년도 영어교육 활성화 계획」알림,3년,비공개,5호,비공개,6호,개인정보
사범대학 부설고등학교,2008,교무부업무,학적서류철,학생 자퇴학 처리,3년,비공개,4호,비공개,6호,개인정보
사범대학 부설고등학교,2008,교무부업무,학적서류철,2007학년도 초.중.고등학생 유학 및 귀국 현황 제출,3년,비공개,3호,비공개,6호,개인정보
사범대학 부설고등학교,2008,교무부업무,학적서류철,국가유공자 및 자녀 재학 여부 통보,3년,비공개,3호,비공개,6호,개인정보
사범대학 부설고등학교,2008,교무부업무,학적서류철,학생 복학 처리,3년,비공개,3호,비공개,6호,개인정보
사범대학 부설고등학교,2008,교무부업무,학적서류철,학생 복학 처리,3년,비공개,3호,비공개,6호,개인정보
사범대학 부설고등학교,2008,교무부업무,학적서류철,환경 교육 현황 제출,3년,비공개,3호,비공개,6호,개인정보
사범대학 부설고등학교,2008,교무부업무,교무 일반 2,"2008.03.01자 중등교원 스승찾기자료 및 교장, 교감 명부 자료 제출",3년,비공개,1호,비공개,6호,개인정보
사범대학 부설고등학교,2008,교무업무일반,교육과정운영부,2008학년도 학습부진학생 2차 지도 실적 제출,3년,비공개,6호,비공개,6호,개인정보
사범대학 부설고등학교,2008,교원연수,개인관련철,2008 영재교육 대상자 4차 선발을 위한 면접위원 위촉,3년,비공개,6호,공개,,
사범대학 부설고등학교,2008,교원연수,교원연수,2008학년도 공립 중등교감자격연수 면접대상자 통보,3년,비공개,6호,부분공개,6호,개인정보
사범대학 부설고등학교,2008,교통안전,안전교육,수능 이후 학생 생활지도 관련 연수(상담 및 자살예방 교육) 결과 안내,3년,비공개,8호,부분공개,6호,개인정보
사범대학 부설고등학교,2008,미술교육,미술교육,『2009 세계우표디자인공모대회』개최 안내,3년,비공개,5호,부분공개,6호,개인정보
사범대학 부설고등학교,2008,미술교육,미술교육,2008년도 충남 미술교육 장학자료 검토협의회 참석 요청,3년,비공개,2호,공개,,
사범대학 부설고등학교,2008,미술교육,미술교육,제40회 중고등학생 미술실기대회 결과 및 관련 연구대회 계획 알림,3년,비공개,1호,공개,,
사범대학 부설고등학교,2008,연구기획,연수,북한체험연수(개성) 대상자 사진 제출,3년,비공개,8호,공개,,
사범대학 부설고등학교,2008,연구기획,연구일반,학습부진학생 책임지도 정책 수립을 위한 기초자료 제출,3년,비공개,7호,공개,,
사범대학 부설고등학교,2008,연구기획,연수,2009 공주대학교 첨단과학교사연수 취소 안내,3년,비공개,7호,공개,,
사범대학 부설고등학교,2008,연구기획,연수관련,2008 지역교육청 주관 중등 과학과 교수법 및 평가방법 개선 직무연수 신청,3년,비공개,7호,공개,,
사범대학 부설고등학교,2008,연구기획,연수관련,2009 중등 과학과 교수법ㆍ평가방법 개선 직무연수 희망자 추천,3년,비공개,7호,비공개,6호,개인정보
사범대학 부설고등학교,2008,연구기획,연수관련,2009 초·중등 수학·과학과 우수교사 위탁특별연수 대상자 추천,3년,비공개,7호,부분공개,6호,개인정보
사범대학 부설고등학교,2008,연구기획,연구,2008 교과교육 연구활동 보고서 심사 결과 알림,3년,비공개,6호,비공개,6호,개인정보
사범대학 부설고등학교,2008,연구기획,연구,2009년도 교과연구회 연수공모제 여비 지급(1차) 알림,3년,비공개,6호,부분공개,6호,개인정보
사범대학 부설고등학교,2008,연구기획,연수,2008 북한체험 연수 대상자 근무지 변경 보고,3년,비공개,6호,부분공개,6호,개인정보
사범대학 부설고등학교,2008,연구기획,연수,2008 중등교감 자격연수 여비 지급,3년,비공개,6호,부분공개,6호,개인정보
사범대학 부설고등학교,2008,연구기획,연수관련,DNA 염기분석과정 직무연수 대상자 알림,3년,비공개,6호,비공개,6호,개인정보
사범대학 부설고등학교,2008,연구기획,연수관련,교과교사 학교도서관 이용 연수 추가 대상자 안내,3년,비공개,6호,부분공개,6호,개인정보
사범대학 부설고등학교,2008,연구기획,연수,교원 북한 체험연수 대상자 서류 보완 제출,3년,비공개,4호,비공개,6호,개인정보
사범대학 부설고등학교,2008,연구기획,연구일반,2009학년도 중등연수 평가위원 위촉,3년,비공개,3호,비공개,6호,개인정보
사범대학 부설고등학교,2008,예절교육,학생인성관련철,『청소년도의반』위탁교육 초.중.고 교육대상 학생 추천,3년,비공개,6호,비공개,6호,개인정보
사범대학 부설고등학교,2008,예절교육,학생인성관련철,2008년도 경로효친 문화 백일장 결과 알림,3년,비공개,5호,부분공개,6호,개인정보
사범대학 부설고등학교,2008,저소득층자녀학비지원,저소득층자녀 지원,2008 겨울방학 중 급식지원 대상학생 명단 알림,3년,비공개,6호,비공개,6호,개인정보
사범대학 부설고등학교,2008,저소득층자녀학비지원,저소득층자녀 지원,2008년 저소득가정학생 성금지원 계획 통보,3년,비공개,6호,공개,,
사범대학 부설고등학교,2008,저소득층자녀학비지원,저소득층자녀 지원,2008년 복지심사위원회 개최,3년,비공개,3호,비공개,6호,개인정보
사범대학 부설고등학교,2008,저소득층자녀학비지원,저소득층자녀 지원,2008년 저소득가정학생 성금지원 대상자 명부 및 신청서 제출,3년,비공개,3호,비공개,6호,개인정보
사범대학 부설고등학교,2008,정보관리,홈페이지,홈페이지 보안취약점 개선방안 통보,3년,비공개,7호,비공개,6호,개인정보
사범대학 부설고등학교,2008,정보관리,교육정보일반,2008년 2월 저소득층자녀 인터넷통신비 지원 안내,3년,비공개,6호,비공개,6호,개인정보
사범대학 부설고등학교,2008,정보관리,교육정보일반,2008년 3월 저소득층 자녀 인터넷통신비 지원 안내,3년,비공개,6호,비공개,6호,개인정보
사범대학 부설고등학교,2008,정보관리,교육정보일반,2008년 4월 저소득층 자녀 인터넷통신비 지원 안내,3년,비공개,6호,비공개,6호,개인정보
사범대학 부설고등학교,2008,정보관리,교육정보일반,2008년 6월 저소득층 자녀 인터넷통신비 지원 안내,3년,비공개,6호,비공개,6호,개인정보
사범대학 부설고등학교,2008,정보관리,교육정보일반,2008년 8월 저소득층 자녀 인터넷통신비 지원 안내,3년,비공개,6호,공개,,
사범대학 부설고등학교,2008,정보관리,교육정보일반,2008년 저소득층 자녀 정보화 지원 계획 알림,3년,비공개,6호,공개,,
사범대학 부설고등학교,2008,정보관리,교육정보일반,저소득층 자녀 인터넷통신비 지원대상 고교 진학 현황 알림,3년,비공개,6호,공개,,
사범대학 부설고등학교,2008,정보관리,홈페이지,Internet Explorer 버전 업그레이드에 따른 홈페이지 보안 조치사항 안내,3년,비공개,2호,비공개,6호,개인정보
사범대학 부설고등학교,2008,정보관리,홈페이지,행정기관 웹사이트 관리자페이지 노출 일제점검 및 미비점 개선,3년,비공개,2호,비공개,6호,개인정보
사범대학 부설고등학교,2008,정보관리,홈페이지,홈페이지 해킹 예방활동 강화 협조 요청,3년,비공개,2호,비공개,6호,개인정보
사범대학 부설고등학교,2008,처리과서무,교육수급자 관련철,2008년 3/4분기 교육급여 대상자 학적조회 회신요청,3년,비공개,6호,비공개,6호,개인정보
사범대학 부설고등학교,2008,처리과서무,교육수급자 관련철,2008년 4/4분기 교육급여 대상자 학적조회 회신요청,3년,비공개,6호,비공개,6호,개인정보
사범대학 부설고등학교,2008,처리과서무,교육수급자 관련철,교육급여 대상자 학적조회 회신요청,3년,비공개,6호,비공개,6호,개인정보
사범대학 부설고등학교,2008,처리과서무,교육수급자 관련철,기초생활수급자 자녀 학적조회,3년,비공개,6호,비공개,5호,감사
사범대학 부설고등학교,2008,처리과서무,복무관련철,종합감사에 따른 전출공무원 수감 자료 요청,3년,비공개,6호,비공개,6호,개인정보
사범대학 부설고등학교,2008,처리과서무,전출입 관련철,2008년  3월 전출 교육공무원 근무상황 통보,3년,비공개,6호,비공개,6호,개인정보
사범대학 부설고등학교,2008,처리과서무,전출입 관련철,종합감사 대비 관련자료 송부 요청,3년,비공개,6호,비공개,6호,개인정보
사범대학 부설고등학교,2008,처리과서무,통계관련철,2008년도 교육통계 검증자료(5차) 제출,3년,비공개,6호,비공개,6호,개인정보
사범대학 부설고등학교,2008,처리과서무,급여관리,2007년도 연말정산 재정산,3년,비공개,5호,비공개,6호,개인정보
사범대학 부설고등학교,2008,처리과서무,일반서무,2008학년도 예비신입생 기숙사 관리비 등 정산잔액 세출입 예산반영,3년,비공개,"3호,4호",비공개,6호,개인정보
사범대학 부설고등학교,2008,처리과서무,일반문서철,GPKI 인증서 발급 신청,3년,비공개,1호,비공개,6호,개인정보
사범대학 부설고등학교,2008,처리과서무,일반문서철,GPKI 인증서 발급 신청,3년,비공개,1호,공개,,
사범대학 부설고등학교,2008,처리과서무,일반서무,GPKI 인증서 발급 신청,3년,비공개,1호,공개,,
사범대학 부설고등학교,2008,학교시설사용허가,국유재산 사용허가,국유재산 유상사용수익허가 및 사용료 납부 통보(구내매점),3년,비공개,3호,공개,,
사범대학 부설고등학교,2008,학교체육,체육관련,「2008 경기 평화통일 마라톤 대회」개최 알림,3년,비공개,5호,공개,,
사범대학 부설고등학교,2008,학년업무,3학년 관련철,강남구청 인터넷수능방송 수시 대특강 안내,3년,비공개,7호,비공개,6호,개인정보
사범대학 부설고등학교,2008,학년업무,3학년 관련철,한국 최초 우주인 기획강연 참가 신청 안내,3년,비공개,7호,비공개,6호,개인정보
사범대학 부설고등학교,2008,학년업무,3학년 관련철,환경교육 수요조사 안내,3년,비공개,7호,부분공개,6호,개인정보
사범대학 부설고등학교,2008,학년업무,3학년 관련철,산간오지 및 저소득층 자녀 EBS 수능방송 수신료 영수증 제출,3년,비공개,6호,비공개,5호,시험관련
사범대학 부설고등학교,2008,학년업무,3학년 관련철,학력증명서(병사용) 발급 요청,3년,비공개,6호,공개,,
사범대학 부설고등학교,2008,학년업무,영어과 관련철,2008학년도 1학기 본교 원어민영어보조교사 고용 현황 보고,3년,비공개,6호,부분공개,6호,개인정보
사범대학 부설고등학교,2008,학년업무,3학년 관련철,2008학년도 10월 고3 전국연합학력평가 성적통지자료 및 통계자료 보냄,3년,비공개,5호,부분공개,6호,개인정보
사범대학 부설고등학교,2008,학년업무,3학년 관련철,2009학년도 대입 수시모집 합격자 현황 파악,3년,비공개,5호,부분공개,6호,개인정보
사범대학 부설고등학교,2008,학생교육지도,학교폭력예방지도,학교 폭력 관련 법령 지역별 강사 요원 연수 결과 붙임자료 송부,3년,비공개,8호,부분공개,6호,개인정보
사범대학 부설고등학교,2008,학생교육지도,학생부일반문서,졸업기념 선물 나만의 우표 소개,3년,비공개,7호,공개,,
사범대학 부설고등학교,2008,학생교육지도,학생부일반문서,2008년도 공주시 생활지도상임위원회 워크숍 참석 안내,3년,비공개,6호,비공개,6호,개인정보
사범대학 부설고등학교,2008,학생문예활동지도,문예일반,2008년도 경로효친 문화 백일장 참가자 명단 알림,3년,비공개,7호,비공개,3호,정보보호
사범대학 부설고등학교,2008,환경정화,환경과서류철,교내 '사랑의 아나바다 나눔터' 개최,3년,비공개,3호,공개,,
사범대학 부설고등학교,2008,개인정보보호,개인정보보호,2008년 12월 저소득층 자녀 인터넷통신비 지원 안내,5년,비공개,6호,비공개,6호,개인정보
사범대학 부설고등학교,2008,개인정보보호,개인정보보호,[긴급]최신 해킹메일 유형 및 조치사항 통보,5년,비공개,2호,부분공개,6호,개인정보
사범대학 부설고등학교,2008,과학교육활동,과학관련,2008 과학교육 추진실적 제출,5년,비공개,7호,부분공개,6호,개인정보
사범대학 부설고등학교,2008,과학교육활동,과학관련,2008학년도 충남생물교육연구회 총회 참석 안내,5년,비공개,7호,비공개,5호,감사
사범대학 부설고등학교,2008,과학교육활동,과학관련,2009 발명과학 및 과학탐구방법 직무연수 신청 안내,5년,비공개,7호,비공개,6호,개인정보
사범대학 부설고등학교,2008,과학교육활동,과학관련,[긴급] 한국 최초 우주인 기획강연 참가대상자 알림,5년,비공개,7호,공개,,
사범대학 부설고등학교,2008,과학교육활동,과학관련,교육과학기술부 종합감사 시 과학 관련 수감내용 및 지적사항 알림,5년,비공개,7호,비공개,6호,개인정보
사범대학 부설고등학교,2008,과학교육활동,과학관련,중등 과학교사 교과전문성신장 국외위탁연수 보고서 탑재 보급 안내,5년,비공개,7호,비공개,6호,개인정보
사범대학 부설고등학교,2008,과학교육활동,과학부공문서,[긴급] 정두언 국회의원 요구자료(실험실 화학약품 처리 실적) 제출,5년,비공개,7호,비공개,6호,개인정보
사범대학 부설고등학교,2008,과학교육활동,과학부공문서,충남생물교육연구회 생태탐사 참석 협조,5년,비공개,7호,부분공개,6호,개인정보
사범대학 부설고등학교,2008,과학교육활동,과학부공문서,충남환경교육연구회 워크숍 참석 안내,5년,비공개,7호,부분공개,6호,개인정보
사범대학 부설고등학교,2008,과학교육활동,과학관련,2008학년도 특성화교육 실천사례 연구대회(기능분야-과학) 보고서 제출,5년,비공개,6호,공개,,
사범대학 부설고등학교,2008,과학교육활동,과학관련,교육과학기술부 '08년 상반기 개인정보관리 실태조사 결과 알림,5년,비공개,6호,공개,,
사범대학 부설고등학교,2008,과학교육활동,과학관련,수학ㆍ과학경시대회 지도사례연구논문대회 결과 알림,5년,비공개,6호,비공개,6호,개인정보
사범대학 부설고등학교,2008,교과서주문정산,교과용도서관련철,근·현대사 교과서 출판사 현황 제출,5년,비공개,5호,비공개,6호,개인정보
사범대학 부설고등학교,2008,교육실습생지도,교육실습 관련철,2008학년도 교육실습 협력학교 운영 사례 및 유공교원 명단 제출,5년,비공개,3호,비공개,6호,개인정보
사범대학 부설고등학교,2008,장학금지급,농업민학자,2008년 1/4분기 농업인 자녀학자금 지원대상학생 재학 조회,5년,비공개,6호,비공개,6호,개인정보
사범대학 부설고등학교,2008,장학금지급,농업민학자,2008년 1/4분기 농업인자녀 학자금 지급완료 알림,5년,비공개,6호,비공개,6호,개인정보
사범대학 부설고등학교,2008,장학금지급,농업민학자,2008년 2/4분기 농업인 자녀학자금 지급내역 통보,5년,비공개,6호,비공개,6호,개인정보
사범대학 부설고등학교,2008,장학금지급,농업민학자,2008년 3/4분기 농업인자녀 학자금 지급완료 알림,5년,비공개,6호,비공개,6호,개인정보
사범대학 부설고등학교,2008,장학금지급,농업민학자,2008년 3/4분기 농업인자녀학자금 재학조회,5년,비공개,6호,비공개,6호,개인정보
사범대학 부설고등학교,2008,장학금지급,농업민학자,2008년 4/4분기 농업인자녀 학자금 지급 통보,5년,비공개,6호,비공개,6호,개인정보
사범대학 부설고등학교,2008,장학금지급,농업민학자,2008년 농업인 자녀학자금 지급대상학생 재확조회(미회신학교),5년,비공개,6호,비공개,6호,개인정보
사범대학 부설고등학교,2008,장학금지급,농업민학자,2008년 농업인 자녀학자금 지급대상학생 재확조회(미회신학교2차),5년,비공개,6호,비공개,6호,개인정보
사범대학 부설고등학교,2008,장학금지급,농업민학자,2008년 농업인자녀 학자금 지원대상자 재학조회 의뢰,5년,비공개,6호,비공개,6호,개인정보
사범대학 부설고등학교,2008,장학금지급,농업민학자,2008년도 3/4분기 농업인자녀 학자금 지급내역 통보,5년,비공개,6호,비공개,6호,개인정보
사범대학 부설고등학교,2008,장학금지급,농업민학자,2008년도 3/4분기 농업인자녀학자금 지급 알림,5년,비공개,6호,비공개,6호,개인정보
사범대학 부설고등학교,2008,장학금지급,농업민학자,2008년도 4/4분기 농업인자녀학자금 지급 알림,5년,비공개,6호,비공개,6호,개인정보
사범대학 부설고등학교,2008,장학금지급,농업민학자,농업인 자녀학자금 지원신청학생 재학조회 의뢰,5년,비공개,6호,비공개,6호,개인정보
사범대학 부설고등학교,2008,장학금지급,장학금,삼성-동아일보 열린장학금 2008년도 4/4분기 입금 안내,5년,비공개,6호,비공개,6호,개인정보
사범대학 부설고등학교,2008,장학금지급,장학금,삼성-동아일보 열린장학금 2008학년도 1/4분기 입금 안내,5년,비공개,6호,비공개,6호,개인정보
사범대학 부설고등학교,2008,장학금지급,장학금,삼성-동아일보 열린장학금 제5기 장학생 선정자 통보,5년,비공개,6호,비공개,6호,개인정보
사범대학 부설고등학교,2008,장학금지급,농업민학자,2008년 농업인자녀학자금지원대상자 재학조회(추가),5년,비공개,5호,비공개,6호,개인정보
사범대학 부설고등학교,2008,장학금지급,농업민학자,2008년 2/4분기 농업인 자녀학자금 지급,5년,비공개,3호,비공개,6호,개인정보
사범대학 부설고등학교,2008,장학금지급,농업민학자,2008년 3/4분기 농업인 자녀학자금 지급,5년,비공개,3호,비공개,6호,개인정보
사범대학 부설고등학교,2008,장학금지급,농업민학자,2008년 4/4분기 농업인 자녀학자금 지급,5년,비공개,3호,비공개,6호,개인정보
사범대학 부설고등학교,2008,장학금지급,농업민학자,2008년도 농업인자녀학자금 재학조회 의뢰,5년,비공개,3호,비공개,6호,개인정보
사범대학 부설고등학교,2008,장학금지급,장학금,2008년도 소년소녀 가장학생 장학금 배부 및 지급 알림,5년,비공개,1호,비공개,6호,개인정보
사범대학 부설고등학교,2008,정보화교육,교육정보문서,2008년 10월 저소득층 자녀 인터넷통신비 지원 안내,5년,비공개,6호,비공개,6호,개인정보
사범대학 부설고등학교,2008,정보화교육,교육정보문서,2008년 11월 저소득층 자녀 인터넷통신비 지원 안내,5년,비공개,6호,비공개,6호,개인정보
사범대학 부설고등학교,2008,정보화교육,교육정보문서,2008년 1월 저소득층자녀 인터넷통신비 지원 안내,5년,비공개,6호,비공개,6호,개인정보
사범대학 부설고등학교,2008,정보화교육,교육정보문서,2008년 5월 저소득층 자녀 인터넷통신비 지원 안내,5년,비공개,6호,비공개,5호,정보보호
사범대학 부설고등학교,2008,정보화교육,교육정보문서,2008년 7월 저소득층 자녀 인터넷통신비 지원 안내,5년,비공개,6호,부분공개,6호,개인정보
사범대학 부설고등학교,2008,정보화교육,교육정보문서,2008년 9월 저소득층 자녀 인터넷통신비 지원 안내,5년,비공개,6호,비공개,6호,개인정보
사범대학 부설고등학교,2008,정보화교육,교육정보문서,[긴급]최신 해킹메일 유형 및 조치사항 통보,5년,비공개,2호,공개,,
사범대학 부설고등학교,2008,중식지원,중식지원,2008년 저소득가정학생 성금지원 계획 통보,5년,비공개,6호,비공개,6호,개인정보
사범대학 부설고등학교,2008,중식지원,중식지원,2008 겨울방학 중 급식지원 필요 학생 전수조사 자료 제출,5년,비공개,1호,비공개,6호,개인정보
사범대학 부설고등학교,2008,처리과물품관리,학교물품,물품관리전환 소요조회,5년,비공개,7호,비공개,6호,개인정보
사범대학 부설고등학교,2008,처리과서무,급여관련,2008년도 전출공무원 근로소득 연말정산 자료내역 통보,5년,비공개,7호,비공개,6호,개인정보
사범대학 부설고등학교,2008,처리과예산회계,학교회계,조달물자 구매업무 협의,5년,비공개,"7호,8호",비공개,6호,개인정보
사범대학 부설고등학교,2008,처리과예산회계,학교회계,조달물자 구매업무 협의,5년,비공개,"7호,8호",비공개,6호,개인정보
사범대학 부설고등학교,2008,처리과예산회계,학교회계,조달물자 구매업무 협의,5년,비공개,"7호,8호",비공개,6호,개인정보
사범대학 부설고등학교,2008,처리과예산회계,학교회계,조달요청에 대한 구매추진 안내-25083180502,5년,비공개,"7호,8호",비공개,6호,개인정보
사범대학 부설고등학교,2008,처리과예산회계,학교회계,조달요청에 대한 구매추진 재안내-25083180501,5년,비공개,"7호,8호",비공개,6호,개인정보
사범대학 부설고등학교,2008,처리과예산회계,학교회계,조달요청에 대한 구매추진안내-25083180500,5년,비공개,"7호,8호",비공개,6호,개인정보
사범대학 부설고등학교,2008,특수학급운영,특수교육관련철,2008학년도 수업연구대회(특수) 보고서 심사 계획,5년,비공개,6호,비공개,6호,개인정보
사범대학 부설고등학교,2008,특수학급운영,특수교육관련철,2008학년도 수업연구대회(특수) 수업 심사 계획,5년,비공개,5호,비공개,6호,개인정보
사범대학 부설고등학교,2008,특수학급운영,특수교육관련철,2008학년도 수업연구대회(특수) 심사위원 변경 위촉 안내,5년,비공개,5호,비공개,6호,개인정보
사범대학 부설고등학교,2008,학교급식,학교급식관리,2008년도 학교급식 청렴도 측정결과 수정 통보,5년,비공개,8호,비공개,6호,개인정보
사범대학 부설고등학교,2008,학교급식,학교급식관리,2008학년도 학교급식 청렴도 측정 결과 통보,5년,비공개,8호,비공개,6호,개인정보
사범대학 부설고등학교,2008,학교급식,학교급식관리,10월 1째주 학교급식품 시장물가조사서 송부,5년,비공개,5호,비공개,6호,개인정보
사범대학 부설고등학교,2008,학교급식,학교급식관리,10월 3째주 학교급식품 시장물가조사서 송부,5년,비공개,5호,비공개,6호,개인정보
사범대학 부설고등학교,2008,학교급식,학교급식관리,10월 4째주 학교급식품 시장물가조사서 송부,5년,비공개,5호,비공개,6호,개인정보
사범대학 부설고등학교,2008,학교급식,학교급식관리,10월 5째주 학교급식품 시장물가조사서 송부,5년,비공개,5호,비공개,6호,개인정보
사범대학 부설고등학교,2008,학교급식,학교급식관리,11월 2째주 학교급식품 시장물가조사서 송부,5년,비공개,5호,비공개,6호,개인정보
사범대학 부설고등학교,2008,학교급식,학교급식관리,11월 2째주 학교급식품 시장물가조사서 송부,5년,비공개,5호,비공개,6호,개인정보
사범대학 부설고등학교,2008,학교급식,학교급식관리,11월 3째주 학교급식품 시장물가조사서 송부,5년,비공개,5호,비공개,6호,개인정보
사범대학 부설고등학교,2008,학교급식,학교급식관리,11월 4째주 학교급식품 시장물가조사서 송부,5년,비공개,5호,비공개,6호,개인정보
사범대학 부설고등학교,2008,학교급식,학교급식관리,12월 1째주 학교급식품 시장물가조사서 송부,5년,비공개,5호,비공개,6호,개인정보
사범대학 부설고등학교,2008,학교급식,학교급식관리,12월 2째주 학교급식품 시장물가조사서 송부,5년,비공개,5호,비공개,6호,개인정보
사범대학 부설고등학교,2008,학교급식,학교급식관리,12월 3째주 학교급식품 시장물가조사서 송부,5년,비공개,5호,비공개,6호,개인정보
사범대학 부설고등학교,2008,학교급식,학교급식관리,2008학년도 학교급식 납품업체 설문조사,5년,비공개,5호,비공개,6호,개인정보
사범대학 부설고등학교,2008,학교급식,학교급식관리,3월 2째주 학교급식품 시장물가조사서 송부,5년,비공개,5호,비공개,6호,개인정보
사범대학 부설고등학교,2008,학교급식,학교급식관리,3월 5째주 학교급식품 시장물가조사서 송부,5년,비공개,5호,비공개,6호,개인정보
사범대학 부설고등학교,2008,학교급식,학교급식관리,4월 1째주 학교급식품 시장물가조사서 송부,5년,비공개,5호,비공개,6호,개인정보
사범대학 부설고등학교,2008,학교급식,학교급식관리,4월 2째주 학교급식품 시장물가조사서 송부,5년,비공개,5호,비공개,6호,개인정보
사범대학 부설고등학교,2008,학교급식,학교급식관리,4월 3째주 학교급식품 시장물가조사서 송부,5년,비공개,5호,비공개,6호,개인정보
사범대학 부설고등학교,2008,학교급식,학교급식관리,4월 4째주 학교급식품 시장물가조사서 송부,5년,비공개,5호,비공개,6호,개인정보
사범대학 부설고등학교,2008,학교급식,학교급식관리,4월 5째주 학교급식품 시장물가조사서 송부,5년,비공개,5호,비공개,6호,개인정보
사범대학 부설고등학교,2008,학교급식,학교급식관리,5월 2째주 학교급식품 시장물가조사서 송부,5년,비공개,5호,비공개,6호,개인정보
사범대학 부설고등학교,2008,학교급식,학교급식관리,5월 3째주 학교급식품 시장물가조사서 송부,5년,비공개,5호,비공개,6호,개인정보
사범대학 부설고등학교,2008,학교급식,학교급식관리,5월 4째주 학교급식품 시장물가조사서 송부,5년,비공개,5호,비공개,6호,개인정보
사범대학 부설고등학교,2008,학교급식,학교급식관리,5월 5째주 학교급식품 시장물가조사서 송부,5년,비공개,5호,비공개,6호,개인정보
사범대학 부설고등학교,2008,학교급식,학교급식관리,6월 1째주 학교급식품 시장물가조사서 송부,5년,비공개,5호,비공개,6호,개인정보
사범대학 부설고등학교,2008,학교급식,학교급식관리,6월 2째주 학교급식품 시장물가조사서 송부,5년,비공개,5호,비공개,6호,개인정보
사범대학 부설고등학교,2008,학교급식,학교급식관리,6월 3째주 학교급식품 시장물가조사서 송부,5년,비공개,5호,비공개,6호,개인정보
사범대학 부설고등학교,2008,학교급식,학교급식관리,6월 4째주 학교급식품 시장물가조사서 송부,5년,비공개,5호,비공개,6호,개인정보
사범대학 부설고등학교,2008,학교급식,학교급식관리,7월 1째주 학교급식품 시장물가조사서 송부,5년,비공개,5호,비공개,6호,개인정보
사범대학 부설고등학교,2008,학교급식,학교급식관리,7월 2째주 학교급식품 시장물가조사서 송부,5년,비공개,5호,비공개,6호,개인정보
사범대학 부설고등학교,2008,학교급식,학교급식관리,7월 4째주 학교급식품 시장물가조사서 송부,5년,비공개,5호,비공개,6호,개인정보
사범대학 부설고등학교,2008,학교급식,학교급식관리,8월 5째주 학교급식품 시장물가조사서 송부,5년,비공개,5호,비공개,6호,개인정보
사범대학 부설고등학교,2008,학교급식,학교급식관리,9월 1째주 학교급식품 시장물가조사서 송부,5년,비공개,5호,비공개,6호,개인정보
사범대학 부설고등학교,2008,학교급식,학교급식관리,9월 2째주 학교급식품 시장물가조사서 송부,5년,비공개,5호,비공개,6호,개인정보
사범대학 부설고등학교,2008,학교급식,학교급식관리,9월 3째주 학교급식품 시장물가조사서 송부,5년,비공개,5호,부분공개,6호,개인정보
사범대학 부설고등학교,2008,학교급식,학교급식관리,9월 4째주 학교급식품 시장물가조사서 송부,5년,비공개,5호,비공개,6호,개인정보
사범대학 부설고등학교,2008,학교급식,학교급식관리,9월 5째주 학교급식품 시장물가조사서 송부,5년,비공개,5호,비공개,6호,개인정보
사범대학 부설고등학교,2008,학교급식,학교급식관리,“학교 식중독 조기경보 시스템” 활용 및 입력사항 안내,5년,비공개,1호,비공개,6호,개인정보
사범대학 부설고등학교,2008,학교보건,학교보건,학생 결핵검진 결과 알림,5년,비공개,6호,비공개,6호,개인정보
사범대학 부설고등학교,2008,학교보건,건강기록부,2008년도 졸업생 건강기록부 송부,5년,비공개,5호,비공개,6호,개인정보
사범대학 부설고등학교,2008,교육공무원인사,인사관련철,2007학년도 고등학교 근무경력 가산점 부여자 명단 알림,10년,비공개,8호,비공개,6호,개인정보
사범대학 부설고등학교,2008,교육공무원인사,인사관련철,2008학년도 교육실습 유공교원 가산점 부여 대상자 알림,10년,비공개,1호,비공개,6호,개인정보
사범대학 부설고등학교,2008,처리과민원,민원관련철,주민등록번호 정정대상자 알림(공주대학교사범대학부설고등학교),10년,비공개,6호,비공개,6호,개인정보
사범대학 부설고등학교,2008,처리과민원,민원관련철,주민등록번호 정정에 따른 학적부 등 정정 협조 재요청,10년,비공개,6호,비공개,6호,개인정보
사범대학 부설고등학교,2008,처리과민원,민원관련철,주민등록번호 정정에 따른 학적부 정정 요청,10년,비공개,6호,비공개,6호,개인정보
사범대학 부설고등학교,2008,처리과민원,민원관련철,주민등록번호 확인 요청,10년,비공개,6호,비공개,6호,개인정보
사범대학 부설고등학교,2008,처리과민원,민원관련철,주민등록번호 확인 요청,10년,비공개,6호,부분공개,6호,개인정보
사범대학 부설고등학교,2008,처리과민원,민원관련철,최종학력 사항 조회,10년,비공개,6호,공개,,
사범대학 부설고등학교,2008,처리과민원,민원관련철,최종학력사항 조회,10년,비공개,6호,비공개,6호,개인정보
사범대학 부설고등학교,2008,학교도서관운영,도서관 관련철,독서환경 조성을 위한 도서구입비 교부 안내,30년,비공개,8호,부분공개,6호,개인정보
사범대학 부설고등학교,2008,학교도서관운영,도서관 관련철,학교도서관 도서구입비 및 도서관 운영비 확보 협조,30년,비공개,8호,부분공개,6호,개인정보
사범대학 부설고등학교,2008,학교도서관운영,도서관 관련철,국회 권영길 의원 요구자료,30년,비공개,7호,부분공개,6호,개인정보
사범대학 부설고등학교,2008,학교도서관운영,도서관 관련철,학교도서관 운영 평가 참여 안내,30년,비공개,7호,부분공개,6호,개인정보
사범대학 부설고등학교,2008,학교도서관운영,도서관 관련철,One Book One School(한 학교 한 책)운동 운영 우수학교 및 지도교사 표창 안내,30년,비공개,6호,비공개,6호,개인정보
사범대학 부설고등학교,2008,학교도서관운영,도서관 관련철,제1회 학교도서관 캠프 추진에 따른 진행 협조,30년,비공개,6호,부분공개,6호,개인정보
사범대학 부설고등학교,2008,학교도서관운영,도서관 관련철,충청남도 초중등 학교도서관 연구회 후반기 문학기행 안내,30년,비공개,6호,비공개,6호,개인정보
사범대학 부설고등학교,2008,학교도서관운영,도서관 관련철,디지털자료실지원센터 '독서표현활동' 참여 학생 독후감상문 심사위원 위촉,30년,비공개,5호,비공개,6호,개인정보
사범대학 부설고등학교,2008,상담활동,진로상담영역,2008년도 상담활동 우수학교(교사) 표창 대상자 명단 알림,준영구,비공개,1호,비공개,6호,개인정보
사범대학 부설고등학교,2008,인사발령대장,기타직 인사,신원기록사항 조회결과 회신,준영구,비공개,6호,비공개,6호,개인정보
사범대학 부설고등학교,2008,인사발령대장,기타직 인사,신원조회 회보,준영구,비공개,6호,비공개,6호,성명 등 개인정보
사범대학 부설고등학교,2008,학교운영위원회,고등학교 운영위원회,신원조회 회보,준영구,비공개,6호,비공개,6호,성명 등 개인정보
사범대학 부설고등학교,2008,학교운영위원회,고등학교 운영위원회,신원조회 회신,준영구,비공개,6호,비공개,6호,성명 등 개인정보
사범대학 부설유치원,2008,유치원업무,공익,2008년 8월중 공익근무요원 소집해제처분자 알림,3년,비공개,6호,부분공개,6호,"성명, 개인정보 등 "
사범대학 부설유치원,2008,유치원업무,공익,2008년 9월중 공익근무요원 소집해제처분자 알림,3년,비공개,6호,부분공개,6호,"성명, 개인정보 등 "
사범대학 부설유치원,2008,유치원업무,공익,공익근무요원 복무지 변경 및 신규자 근무지 지정 통보,3년,비공개,6호,부분공개,6호,"성명, 개인정보 등 "
사범대학 부설유치원,2008,유치원업무,공익,"공익근무요원 소양교육, 직무교육 수료결과 알림",3년,비공개,6호,부분공개,6호,"성명, 개인정보 등 "
사범대학 부설유치원,2008,유치원업무,처리과서무,봉사분야 공익요원 12월분 보수 지급시기 알림,3년,비공개,6호,부분공개,6호,"성명, 개인정보 등 "
사범대학 부설유치원,2008,유치원업무,처리과서무,종합감사 대비 수감자료 요청,3년,비공개,6호,부분공개,6호,"성명, 개인정보 등 "
사범대학 부설유치원,2008,유치원업무,유치원업무,학교평가 결과 알림,3년,비공개,5호,부분공개,6호,"성명, 개인정보 등 "
산학협력단 천안캠퍼스분단,2008,처리과서무,천안분단 일반서무,조달요청에 대한 구매추진안내-25083173700,3년,비공개,"7호,8호",부분공개,5호,계약정보
산학협력단 천안캠퍼스분단,2008,산학협력사업,통신방송융합,조달요청에 대한 구매추진안내-25083121900,5년,비공개,"7호,8호",부분공개,5호,계약정보
공과대학 도서관분관,2008,처리과서무,도서관일반서무,공과대학 홈페이지 수정자료 요청,3년,비공개,"5호,6호",부분공개,6호,개인정보 등
공과대학 학생생활관분관,2008,처리과서무,학생생활관분관,공과대학 홈페이지 수정자료 요청,3년,비공개,"5호,6호",부분공개,6호,개인정보 등
학생처 장학복지과,2008,외부장학금관리,자치단체 및 소방서,2008년도 의용소방대원 자녀장학생 장학금 지급,5년,비공개,6호,부분공개,6호,성명 등 개인정보
학생처 장학복지과,2008,외부장학금관리,자치단체 및 소방서,장학금 수혜여부 확인  협조의뢰,5년,비공개,6호,부분공개,6호,성명 등 개인정보
학생처 장학복지과,2008,외부장학금관리,자치단체 및 소방서,장학금 수혜여부 확인 요청,5년,비공개,6호,부분공개,6호,성명 등 개인정보
학생처 장학복지과,2008,외부장학금관리,학술진흥재단,08학년도 학자금대출 시행계획통보,5년,비공개,5호,공개,,
대학혁신본부,2008,처리과업무계획(보고)평가,특성화사업,캠퍼스 조성 제3차 실무협의회 개최,5년,비공개,"5호,8호",부분공개,6호,성명 등 개인정보
대학혁신본부,2008,처리과업무계획(보고)평가,대학구조개혁지원사업,공주대학교 캠퍼스 조성 사업 실무 협의회 개최,5년,비공개,"1호,2호,3호,4호,5호,6호,7호,8호",부분공개,6호,성명 등 개인정보
산학협력단 첨단과학교사연수센터중부연수원,2008,처리과서무,교무관계철,2008학년도 첨단과학교사연수제1과정 특수분야 연수결과 제출,3년,비공개,3호,부분공개,6호,성명 등 개인정보
산학협력단 첨단과학교사연수센터중부연수원,2008,처리과서무,교무관계철,2008학년도 첨단과학교사연수제2과정 특수분야 연수결과 제출,3년,비공개,3호,부분공개,6호,성명 등 개인정보
교무처 학사지원과,2008,제증명서발급,교원자격증 재교부,교원자격증 기재사항 정정 보고,3년,비공개,6호,비공개,6호,"성명, 생년월일 등"
교무처 학사지원과,2008,제증명서발급,평생교육사 자격,신원기록사항 회신(일반),3년,비공개,6호,비공개,6호,"성명, 생년월일 등"
교무처 학사지원과,2008,제증명서발급,평생교육사 자격,신원조회 확인 회보서(0805),3년,비공개,6호,비공개,6호,"성명, 생년월일 등"
교무처 학사지원과,2008,제증명서발급,평생교육사 자격,신원조회 회보,3년,비공개,6호,비공개,6호,"성명, 생년월일 등"
교무처 학사지원과,2008,제증명서발급,평생교육사 자격,신원조회 회보,3년,비공개,6호,비공개,6호,"성명, 생년월일 등"
교무처 학사지원과,2008,제증명서발급,평생교육사 자격,신원조회 회보,3년,비공개,6호,비공개,6호,"성명, 생년월일 등"
교무처 학사지원과,2008,제증명서발급,평생교육사 자격,신원조회 회신,3년,비공개,6호,비공개,6호,"성명, 생년월일 등"
교무처 학사지원과,2008,처리과서무,학생통계,국회 안민석의원 요구자료(대학주최 경시대회 실시현황) 협조 요청,3년,비공개,7호,부분공개,7호,대학 영업상 비밀
교무처 학사지원과,2008,처리과서무,학사관리일반 (Vol.1),대학의 인터넷 증명서 발급 위변조에 대한 조치 통보,3년,비공개,3호,비공개,3호,공공안전 및 이익을 해할 우려가 있는 정보
교무처 학사지원과,2008,계절학기운영,계절학기일반,2007학년도 동기 계절수업 타교생 성적 통보,5년,비공개,6호,비공개,6호,"성명, 생년월일 등"
교무처 학사지원과,2008,계절학기운영,계절학기일반,2008학년도 공주대학교 계절학기 수강신청  취소,5년,비공개,6호,비공개,6호,"성명, 생년월일 등"
교무처 학사지원과,2008,계절학기운영,계절학기일반,2008학년도 하기 계절수업 타교생 성적 통보,5년,비공개,6호,비공개,6호,"성명, 생년월일 등"
교무처 학사지원과,2008,대학원관련업무,대학원일반업무,국가정보원 의뢰자료 제출 협조요청(석박사학위 취득 중국인),5년,비공개,2호,비공개,6호,"성명, 생년월일 등"
교무처 학사지원과,2008,성적관리,성적일반,공주대학교 2008학년도 제1학기 성적표 발송 결과 회신,5년,비공개,7호,비공개,7호,성적
교무처 학사지원과,2008,학력(경력)조회,학력(경력)조회,동원훈련소집대상자 재학여부 조회,5년,비공개,6호,비공개,6호,"성명, 생년월일 등"
교무처 학사지원과,2008,학력(경력)조회,학력(경력)조회,동원훈련소집대상자 재학여부 조회,5년,비공개,6호,비공개,6호,"성명, 생년월일 등"
교무처 학사지원과,2008,학력(경력)조회,학력(경력)조회,학력 조회 의뢰,5년,비공개,6호,비공개,6호,"성명, 생년월일 등"
교무처 학사지원과,2008,학력(경력)조회,학력(경력)조회,학력 조회 의뢰,5년,비공개,6호,비공개,6호,"성명, 생년월일 등"
교무처 학사지원과,2008,학력(경력)조회,학력(경력)조회,학력 조회 협조 의뢰,5년,비공개,6호,비공개,6호,"성명, 생년월일 등"
교무처 학사지원과,2008,학력(경력)조회,학력(경력)조회,학력 조회(공주대학교),5년,비공개,6호,비공개,6호,"성명, 생년월일 등"
교무처 학사지원과,2008,학력(경력)조회,학력(경력)조회,학력 조회(공주대학교),5년,비공개,6호,비공개,6호,"성명, 생년월일 등"
교무처 학사지원과,2008,학력(경력)조회,학력(경력)조회,학력조회 협조요청(2007.12월 채용강사),5년,비공개,6호,비공개,6호,"성명, 생년월일 등"
교무처 학사지원과,2008,학력(경력)조회,학력(경력)조회,학력조회 협조요청(2008.1월채용강사),5년,비공개,6호,비공개,6호,"성명, 생년월일 등"
교무처 학사지원과,2008,학력(경력)조회,학력(경력)조회,학력조회 회보,5년,비공개,6호,비공개,6호,"성명, 생년월일 등"
교무처 학사지원과,2008,학력(경력)조회,학력(경력)조회,학원 강사의 학력 조회 의뢰,5년,비공개,6호,비공개,6호,"성명, 생년월일 등"
교무처 학사지원과,2008,학력(경력)조회,학력(경력)조회,학원강사 학력조회,5년,비공개,6호,비공개,6호,"성명, 생년월일 등"
교무처 학사지원과,2008,학력(경력)조회,학력(경력)조회,학원강사 학력조회 의뢰,5년,비공개,6호,비공개,6호,"성명, 생년월일 등"
교무처 학사지원과,2008,학력(경력)조회,학력(경력)조회,학원강사 학력조회 의뢰,5년,비공개,6호,비공개,6호,"성명, 생년월일 등"
교무처 학사지원과,2008,학력(경력)조회,학력(경력)조회,학원강사 학력조회 의뢰,5년,비공개,6호,비공개,6호,"성명, 생년월일 등"
교무처 학사지원과,2008,학력(경력)조회,학력(경력)조회,학원강사 학력조회 의뢰,5년,비공개,6호,비공개,6호,"성명, 생년월일 등"
교무처 학사지원과,2008,학력(경력)조회,학력(경력)조회,학원강사 학력조회 협조 요청,5년,비공개,6호,비공개,6호,"성명, 생년월일 등"
교무처 학사지원과,2008,학력(경력)조회,학력(경력)조회,학원강사 학력조회 협조 요청,5년,비공개,6호,비공개,6호,"성명, 생년월일 등"
교무처 학사지원과,2008,학력(경력)조회,학력(경력)조회,학적사항 확인 및 자료 요청,5년,비공개,6호,비공개,6호,"성명, 생년월일 등"
교무처 학사지원과,2008,학력(경력)조회,학력(경력)조회,2008년도 지방공무원 제한경쟁특별임용시험 응시자에 대한 학적조회,5년,비공개,5호,비공개,6호,"성명, 생년월일 등"
교무처 학사지원과,2008,학력(경력)조회,학력(경력)조회,학원강사 및 교습소 교습자 학력 조회 의뢰,5년,비공개,"5호,6호",비공개,6호,"성명, 생년월일 등"
교무처 학사지원과,2008,학력(경력)조회,학력(경력)조회,동원훈련소집대상자 재학여부 조회,5년,비공개,2호,비공개,6호,"성명, 생년월일 등"
교무처 학사지원과,2008,학력(경력)조회,학력(경력)조회,병력동원훈련소집대상자 학적조회 요청,5년,비공개,2호,비공개,6호,"성명, 생년월일 등"
교무처 학사지원과,2008,학적관리일반,일반문서,교원자격증 기재사항 정정 보고,5년,비공개,6호,비공개,6호,"성명, 생년월일 등"
교무처 학사지원과,2008,학적관리일반,일반문서,교원자격증 기재사항 정정 보고,5년,비공개,6호,비공개,6호,"성명, 생년월일 등"
교무처 학사지원과,2008,학적관리일반,일반문서,교원자격증 기재사항 정정 알림,5년,비공개,6호,비공개,6호,"성명, 생년월일 등"
교무처 학사지원과,2008,학적관리일반,일반문서,2008 중등교사임용시험 최종합격자 복수 · 부전공 가산점 부여자  자격 취득  여부 조회 의뢰,5년,비공개,5호,비공개,6호,"성명, 생년월일 등"
교무처 학사지원과,2008,학점교류,타대학 학점인정(외국대학),2008학년도 제1학기 타 대학교 교류학생 이수성적 송부,5년,비공개,6호,비공개,6호,"성명, 생년월일 등"
교무처 학사지원과,2008,처리과민원,민원일반,주민등록번호 정정에 따른 관련공부 정정 요청,10년,비공개,6호,비공개,6호,"성명, 생년월일 등"
사무국 재무과,2008,기성회계예산집행,기성회계 일반,‘08년도 조달물자(내자) 종합예시를 위한 구매계획 조사,3년,비공개,5호,공개,,
사무국 재무과,2008,물품관리,물품관리 일반,RFID 국가물품관리시스템 확산계획 및 설문조서서 송부,3년,비공개,5호,공개,,
사무국 재무과,2008,계약,계약(물품 용역 시설공사),조달물자 구매업무 협의,5년,비공개,"6호,7호",공개,,
사무국 재무과,2008,계약,계약(물품 용역 시설공사),구매협의(08GA1852),5년,비공개,5호,비공개,5호,내부검토사항
사무국 재무과,2008,계약,계약(물품 용역 시설공사),수의계약 구매결의 및 견적서 제출(PR. No.08GA1852호)-소액수의,5년,비공개,"7호,8호",비공개,7호,계약
사무국 재무과,2008,계약,계약(물품 용역 시설공사),시설공사 계약방법 결정(5등급) (0825055-00),5년,비공개,"7호,8호",비공개,7호,계약
사무국 재무과,2008,계약,계약(물품 용역 시설공사),시설공사 계약방법 결정(일반경쟁) (0800222-00),5년,비공개,"7호,8호",비공개,7호,계약
사무국 재무과,2008,계약,계약(물품 용역 시설공사),시설공사 계약방법 결정(일반경쟁) (0800223-00),5년,비공개,"7호,8호",비공개,7호,계약
사무국 재무과,2008,계약,계약(물품 용역 시설공사),시설공사 계약방법 결정(지역제한) (0825057-00),5년,비공개,"7호,8호",비공개,7호,계약
사무국 재무과,2008,계약,계약(물품 용역 시설공사),시설공사 계약체결 (0800222-00),5년,비공개,"7호,8호",비공개,7호,계약
사무국 재무과,2008,계약,계약(물품 용역 시설공사),시설공사 계약체결 (0825057-00),5년,비공개,"7호,8호",비공개,7호,계약
사무국 재무과,2008,계약,계약(물품 용역 시설공사),시설공사 낙찰자 선정 (0825057-00),5년,비공개,"7호,8호",비공개,7호,계약
사무국 재무과,2008,계약,계약(물품 용역 시설공사),입찰서 기술검토의뢰(PR.No.08GA1852호),5년,비공개,"7호,8호",비공개,7호,계약
사무국 재무과,2008,계약,계약(물품 용역 시설공사),입찰서 기술검토의뢰(PR.No.08GA1863호),5년,비공개,"7호,8호",비공개,7호,계약
사무국 재무과,2008,계약,계약(물품 용역 시설공사),재공고 안내-250830422-01,5년,비공개,"7호,8호",비공개,7호,계약
사무국 재무과,2008,계약,계약(물품 용역 시설공사),조달요청에 대한 구매추진 재안내-25083143601,5년,비공개,"7호,8호",비공개,7호,계약
사무국 재무과,2008,계약,계약(물품 용역 시설공사),조달요청에 대한 구매추진안내-00089004400,5년,비공개,"7호,8호",비공개,7호,계약
사무국 재무과,2008,계약,계약(물품 용역 시설공사),조달요청에 대한 구매추진안내-00089004402,5년,비공개,"7호,8호",비공개,7호,계약
사무국 재무과,2008,계약,계약(물품 용역 시설공사),조달요청에 대한 구매추진안내-25083042200,5년,비공개,"7호,8호",비공개,7호,계약
사무국 재무과,2008,계약,조달 구입,구매결의 안내(PR. No.08GA1863호)-소액수의,5년,비공개,"7호,8호",비공개,7호,계약
사무국 재무과,2008,계약,조달 구입,조달물자 구매업무 협의,5년,비공개,"7호,8호",공개,,
사무국 재무과,2008,계약,조달 구입,조달요청에 대한 구매추진 안내-00089004401,5년,비공개,"7호,8호",공개,,
사무국 재무과,2008,계약,조달 구입,조달요청에 대한 구매추진안내-00082032600,5년,비공개,"7호,8호",공개,,
사무국 재무과,2008,계약,조달 구입,조달요청에 대한 구매추진안내-25083028100,5년,비공개,"7호,8호",공개,,
사무국 재무과,2008,국유재산관리일반,국유재산 일반철,'07년 국유재산 감사원 감사결과 처분요구사항 통보,5년,비공개,6호,비공개,6호,개인정보
사무국 재무과,2008,급여,일반문서,2008년 연봉현황 제출,5년,비공개,6호,비공개,6호,개인정보
사무국 재무과,2008,기성회계예산집행,예산집행,구매협의 [08GA2342],5년,비공개,7호,공개,,
사무국 재무과,2008,기성회계예산집행,예산집행,조달물자 구매업무 협의,5년,비공개,"7호,8호",공개,,
사무국 재무과,2008,기성회계예산집행,예산집행,조달요청에 대한 구매추진안내-25083143600,5년,비공개,"7호,8호",공개,,
사무국 재무과,2008,실험실습기자재확충사업,일반회계 실험실습기자재확충사업,입찰서 기술검토 및 재공고 입찰 안내(PR.No.08GA1747호),5년,비공개,"7호,8호",비공개,7호,계약
사무국 재무과,2008,등록금,장학금철,수업료 등 납부내역 확인 요청(대학),10년,비공개,6호,비공개,6호,"성명, 주민등록번호 등"
사무국 재무과,2008,물품관리,물품감사,2008년도 물품관리 실지감사 일정 연기,10년,비공개,5호,공개,,
사무국 재무과,2008,물품관리,물품감사,2008년도 물품관리 실지감사 일정 통보,10년,비공개,5호,공개,,
사무국 재무과,2008,물품관리,물품감사,"2008년도 물품관리 실지감사(정기, 특별) 일정 통보",10년,비공개,5호,공개,,
종합인력개발원,2008,처리과서무,서무일반,2008년도 경호공무원 공개채용 홍보협조 요청(전국 대학 발송용),3년,비공개,6호,공개,,
국제교육원,2008,외국어강좌운영,위탁운영,2008 하계 초등학생영어캠프 운영계획 및 참가자 명단 알림,5년,비공개,8호,부분공개,6호,성명 등 개인정보
국제교육원,2008,외국어강좌운영,위탁운영,2008 대통령 영어봉사(TaLK) 국내 대학 장학생 명단 송부,5년,비공개,6호,부분공개,6호,성명 등 개인정보
국제교육원,2008,외국어강좌운영,위탁운영,2008 하계 초등학생 영어캠프 참가 교체자 알림,5년,비공개,6호,부분공개,6호,성명 등 개인정보
국제교육원,2008,외국어강좌운영,위탁운영,2008 중·고등학교 TEE 교수·학습 자료개발 검토 위원 위촉 및 협의회 참석 협조,5년,비공개,5호,부분공개,6호,성명 등 개인정보
장애학생지원센터,2008,처리과서무,장애학생공문서철,2008년도 '대학 장애학생 도우미 지원 사업'  국고보조금 2차 지원 신청,3년,비공개,5호,공개,,
장애학생지원센터,2008,처리과서무,장애학생공문서철,"대학 장애학생 전담기구, 지원부서 등 담당 부서 및 담당자 현황 제출",3년,비공개,5호,공개,,
사범대학 교육연수원,2008,중등교원1정2정자격연수,자격연수(교육청관련문서철),2008 중등1급 정교사 자격연수 위탁경비 송금 알림,3년,비공개,7호,공개,,
사범대학 교육연수원,2008,중등교원1정2정자격연수,자격연수(교육청관련문서철),"2008 중등 1`2급 정교사 (일반,특수) 및 사서교사(1급)자격연수 위탁 협조 의뢰",3년,비공개,6호,비공개,6호,개인정보 포함됨
사범대학 교육연수원,2008,중등교원1정2정자격연수,자격연수(교육청관련문서철),"2008 중등 1급 정교사(일반,특수포함) 자격연수 대상자 명단 통보",3년,비공개,6호,비공개,6호,개인정보 포함됨
사범대학 교육연수원,2008,중등교원1정2정자격연수,자격연수(교육청관련문서철),2008년 1정 자격연수대상자 명단 송부,3년,비공개,6호,비공개,6호,개인정보 포함됨
사범대학 교육연수원,2008,중등교원1정2정자격연수,자격연수(교육청관련문서철),2008년도 1정 자격연수 연수대상자 명단 알림,3년,비공개,6호,비공개,6호,개인정보 포함됨
사범대학 교육연수원,2008,중등교원1정2정자격연수,자격연수(교육청관련문서철),2008년도 하계 1급정교사 자격연수 명단 알림 - 특수교사,3년,비공개,6호,비공개,6호,개인정보 포함됨
사범대학 교육연수원,2008,중등교원1정2정자격연수,자격연수(교육청관련문서철),2008년도 하계 사서교사 1급 정교사 자격연수 대상자 명단 제출,3년,비공개,6호,비공개,6호,개인정보 포함됨
사범대학 교육연수원,2008,중등교원1정2정자격연수,자격연수(교육청관련문서철),2008년도 하계 중등 1급 정교사(사서교사 포함) 자격연수 대상자 명단 제출,3년,비공개,6호,비공개,6호,개인정보 포함됨
사범대학 교육연수원,2008,중등교원1정2정자격연수,자격연수(교육청관련문서철),2008학년도 1급 자격연수 대상자 명단 송부,3년,비공개,6호,비공개,6호,개인정보 포함됨
사범대학 교육연수원,2008,중등교원1정2정자격연수,자격연수(교육청관련문서철),2008 중등 1급 정교사 자격연수 경비 송금(공주대),3년,비공개,5호,공개,,
사범대학 교육연수원,2008,중등교원1정2정자격연수,자격연수(교육청관련문서철),2008년도 중등교원 1급 정교사 및 부전공 자격연수 대상자 교육비 송금 확인 요청,3년,비공개,5호,공개,,
사범대학 교육연수원,2008,중등교원1정2정자격연수,자격연수(교육청관련문서철),2008학년도 1급 정교사 자격연수(일반사회) 대상자 변경 요청,3년,비공개,5호,비공개,6호,개인정보 포함됨
사범대학 교육연수원,2008,중등교원1정2정자격연수,자격연수(교육청관련문서철),2008학년도 1급정교사 자격연수 의뢰,3년,비공개,5호,비공개,6호,개인정보 포함됨
사범대학 교육연수원,2008,중등교원직무연수,직무연수,2008학년도 과학과 우수교사 위탁특별연수 운영 규정 송부,3년,비공개,7호,비공개,6호,개인정보 포함됨
사범대학 교육연수원,2008,중등교원직무연수,직무연수,과학과 우수교사 위탁특별연수 대상자 추천,3년,비공개,6호,비공개,6호,개인정보 포함됨
사범대학 교육연수원,2008,처리과서무,일반서무,교원 자격연수 관련 국회의원(안민석) 요구 자료 제출 협조 요청,3년,비공개,5호,공개,,
학생지원처 학생복지과,2008,처리과서무,외부일반문서,2008 시민제안제도 운영 안내,3년,비공개,6호,공개,,
학생지원처 학생복지과,2008,처리과서무,취업장학과,'08-2학기 정부보증 학자금대출 시행통보,3년,비공개,5호,공개,,
학생지원처 학생복지과,2008,처리과서무,교무학사,병력동원훈련소집대상자 학적조회 요청,3년,비공개,2호,부분공개,6호,성명 등 개인정보
학생지원처 학생복지과,2008,처리과서무,외부일반문서,'08. 8월 정기분 개인균등할 주민세 과세에 따른 비과세 자료 협조 요청,3년,비공개,1호,부분공개,6호,성명 등 개인정보
학생지원처 학생복지과,2008,외부장학금관리,지방자치단체 및 소방서,2008년도 리통장 자녀 장학생 선발 추천,5년,비공개,6호,부분공개,6호,성명 등 개인정보
학생지원처 학생복지과,2008,학생생활지도,장애학생도우미,'2008년도 대학 장애학생 도우미 지원사업' 국고보조금 지원 신청 요청,5년,비공개,5호,부분공개,6호,성명 등 개인정보
학생지원처 학생복지과,2008,학생생활지도,장애학생도우미,2008년 대학 장애학생 도우미 지원사업 계획 수립을 위한 현황 파악 제출,5년,비공개,5호,부분공개,6호,성명 등 개인정보
학생지원처 학생복지과,2008,학생생활지도,장애학생도우미,"2008년도 대학 장애학생 도우미 지원 신청한  장애학생의 남,여 비율 파악 및 사업자등록번호 요청",5년,비공개,5호,부분공개,6호,성명 등 개인정보
학생지원처 학생복지과,2008,학생생활지도,장애학생도우미,2008년도 대학 장애학생 도우미 지원사업 국고보조금 교부,5년,비공개,5호,부분공개,6호,성명 등 개인정보
학생지원처 학생복지과,2008,학생생활지도,장애학생도우미,2008년도 대학 장애학생 도우미 지원사업 국고보조금 입금 완료 통보,5년,비공개,5호,부분공개,6호,성명 등 개인정보
기획처 기획과,2008,대학평가관리,장애학생 교육복지 평가,2008년도 대학 장애학생 교육복지 지원실태 평가 실시 사전 공지,5년,비공개,5호,공개,,
기획처 기획과,2008,자체학술연구지원,연구일반,2008년도 국가연구업적정보(KRI) 협정체결 여부 의견 수렴,5년,비공개,5호,공개,,
기획처 기획과,2008,학술연구지원,교원성과급,대학교원 성과급 지급을 위한 평가자료 제출,5년,비공개,6호,비공개,6호,"성명, 생년월일 등"
대외협력본부 대외협력과,2008,처리과서무,국제교류임시,2008 대통령 영어봉사(TaLK) 국내 대학 장학생 명단 송부,3년,비공개,6호,부분공개,6호,성명 등 개인정보
입학관리본부 입학관리과,2008,처리과서무,입시일반,2009학년도 재외국민 및 외국인 특별전형 등 대입전형 원서접수를 위한 아포스티유 협약 안내,3년,비공개,7호,공개,,
입학관리본부 입학관리과,2008,처리과서무,입시일반,대학 신입학 전형 합격자 등록 및 등록포기자 현황 파악 협조 요청,3년,비공개,7호,공개,,
