교양교과목 편성 현황(2025학년도 1학기 기준),Unnamed: 1,Unnamed: 2,Unnamed: 3,Unnamed: 4,Unnamed: 5,Unnamed: 6,Unnamed: 7,Unnamed: 8,Unnamed: 9,Unnamed: 10,Unnamed: 11,Unnamed: 12,Unnamed: 13,Unnamed: 14,Unnamed: 15,Unnamed: 16,Unnamed: 17,Unnamed: 18
,,,,,,,,,,,,,,,,,,
,,,,,,,,,,,,,,,,,,
,,,,,,,,,,,,2025학년도 교육과정(입학자),,,,,,
연번,대학명(부서명),편성신청학과(부서명),교과목코드,교과목명,편성학기,편성신청학과(부서명),학점구조,평가방법,원격강의,SW지정,이수구분,교육과정구분,교양영역구분,핵심역량,"2011~2016학년도
교육과정(입학자)","2017~2020학년도
교육과정(입학자)","2021~2024학년도
교육과정(입학자)",비고
1,본부소속,교양교육센터,2009094,비판적사고와소통,2025-1,교양교육센터,3-3-0,,,,교양필수,기초교양 ,사고와표현,의사소통역량,,공통기초교양,기초교양필수 ,
2,본부소속,교양교육센터,2006777,CommunicationinEnglish(L＆R)Ⅰ,2021-1,교양교육센터,2-2-0,,,,교양필수,기초교양,사고와표현,의사소통역량,,공통기초교양,기초교양필수 ,
3,본부소속,교양교육센터,2006778,CommunicationinEnglish(L＆R)Ⅱ,2021-1,교양교육센터,2-2-0,,,,교양필수,기초교양,사고와표현,의사소통역량,,공통기초교양,기초교양필수 ,
4,본부소속,교양교육센터,2006779,CommunicationinEnglish(SW)Ⅰ,2021-1,교양교육센터,2-2-0,,,,교양필수,기초교양,사고와표현,의사소통역량,,공통기초교양,기초교양필수 ,
5,본부소속,교양교육센터,2006780,CommunicationinEnglish(SW)Ⅱ,2021-1,교양교육센터,2-2-0,,,,교양필수,기초교양,사고와표현,의사소통역량,,공통기초교양,기초교양필수 ,
6,본부소속,교양학부,1001036,기초영어,2011-1,교양학부,3-3-0,S/U,Y,,교양선택,균형교양,C(외국어예술건강진로),의사소통역량,2016외국어영역,일반교양,소양교양선택,
7,본부소속,교양학부,2009098,한국어쓰기와발표,2025-1,교양학부,3-3-0,,,,교양필수,기초교양,사고와표현,의사소통역량,,공통기초교양,기초교양필수 ,비판적사고와소통 외국인학생대상대체과목
8,본부소속,교양학부,2006920,한국어문규정,2021-1,교양학부,2-2-0,,,,교양필수,기초교양 ,사고와표현,의사소통역량,,공통기초교양,기초교양필수  ,CommunicationinEnglish 외국인학생대상대체과목
9,본부소속,교양학부,2006943,한국어문화의이해,2021-2,교양학부,2-2-0,,,,교양필수,기초교양 ,사고와표현,의사소통역량,,공통기초교양,기초교양필수  ,CommunicationinEnglish 외국인학생대상대체과목
10,본부소속,교양교육센터,2009095,SW와문제해결,2025-1,교양교육센터,2-2-0,,,,교양필수,기초교양 ,디지털리터러시,가치탐구역량,,공통기초교양,기초교양필수  ,
11,본부소속,교양교육센터,2009096,컴퓨팅적사고,2025-1,교양교육센터,2-2-0,,,,교양필수,기초교양 ,디지털리터러시,가치탐구역량,,공통기초교양,기초교양필수  ,
12,본부소속,교양교육센터,2009097,대학생활과미래설계,2025-1,교양교육센터,1-1-0,,,,교양필수,기초교양 ,자기설계,자기계발역량,,학문기초교양,소양교양필수 ,1학기 개설
13,사범대학,윤리교육과,2008939,마음공부와명상,2024-2,윤리교육과,2-2-0,,,,교양선택,균형교양,C(외국어예술건강진로),자기계발역량,2016인문사회과학영역,핵심교양,균형교양 제1영역,
14,사범대학,컴퓨터교육과,2008417,데이터분석과인공지능활용,2024-1,컴퓨터교육과,3-3-0,,,,교양선택,균형교양,B(자연생명과학기술),가치탐구역량,2016자연과학영역,핵심교양,균형교양 제3영역,
15,사범대학,윤리교육과,2007727,한국인의정서와문화그리고미래,2023-1,윤리교육과,1-1-0,,,,교양선택,기초교양,기초학문(사범대학),가치탐구역량,2016인문사회과학영역,학문기초교양,기초교양선택(사범대학),
16,사범대학,지리교육과,2008300,충청문화유산이야기,2023-2,지리교육과,3-3-0,S/U,Y,,교양선택,균형교양,A(인간사회문학역사),자기계발역량,2016인문사회과학영역,일반교양,소양교양선택,
17,사범대학,일반사회교육과,2007728,인권감수성더하기,2023-1,일반사회교육과,1-1-0,,Y,,교양선택,기초교양,기초학문(사범대학),공동체역량,2016인문사회과학영역,학문기초교양,기초교양선택(사범대학),
18,사범대학,문헌정보교육과,2007729,기계학습을위한파이썬기초,2023-1,문헌정보교육과,1-1-0,,Y,,교양선택,기초교양,기초학문(사범대학),자기계발역량,2016자연과학영역,학문기초교양,기초교양선택(사범대학),
19,사범대학,컴퓨터교육과,2007730,AI융합코딩,2023-2,컴퓨터교육과,1-1-0,,Y,,교양선택,기초교양,기초학문(사범대학),자기계발역량,2016자연과학영역,학문기초교양,기초교양선택(사범대학),
20,사범대학,윤리교육과,2007731,인공지능과윤리적삶,2024-1,윤리교육과,3-3-0,,,,교양선택,균형교양,A(인간사회문학역사),가치탐구역량,2016인문사회과학영역,핵심교양,균형교양 제6영역,
21,사범대학,영어교육과,2007733,영미청소년소설읽기,2023-1,영어교육과,3-3-0,,,,교양선택,균형교양,A(인간사회문학역사),자기계발역량,2016인문사회과학영역,핵심교양,균형교양 제1영역,
22,사범대학,음악교육과,2007734,K-POP과판소리,2023-1,음악교육과,2-1-2,,,,교양선택,균형교양,C(외국어예술건강진로),공동체역량,2016문화및예체능영역,일반교양,소양교양선택,
23,사범대학,체육교육과,2007735,요가와필라테스,2023-1,체육교육과,2-1-2,,,,교양선택,균형교양,C(외국어예술건강진로),자기계발역량,2016문화및예체능영역,일반교양,소양교양선택,
24,사범대학,사범대학,2006783,웹기반수업의이론과교수전략,2021-1,사범대학,2-2-0,,,,교양선택,균형교양,B(자연생명과학기술),자기계발역량,2016인문사회과학영역,일반교양,소양교양선택,
25,사범대학,국어교육과,2006873,사랑과죽음의문학적탐구,2021-2,국어교육과,3-3-0,,,,교양선택,균형교양,A(인간사회문학역사),가치탐구역량,2016인문사회과학영역,핵심교양,균형교양 제1영역,
26,사범대학,교육학과,2001644,시민교육론,2020-1,교육학과,3-3-0,,,,교양선택,균형교양,A(인간사회문학역사),공동체역량,2016인문사회과학영역,일반교양,균형교양 제5영역,
27,사범대학,교육학과,2001643,청소년교육론,2017-1,교육학과,3-3-0,,,,교양선택,균형교양,A(인간사회문학역사),공동체역량,2016인문사회과학영역,핵심교양,균형교양 제5영역,
28,사범대학,교육학과,0001115,인간심리의이해,2000-1,교육학과,3-3-0,,,,교양선택,균형교양,A(인간사회문학역사),의사소통역량,2016인문사회과학영역,핵심교양,균형교양 제1영역,
29,사범대학,교육학과,2004722,통계로보는인간의마음,2020-1,교육학과,3-3-0,,,,교양선택,균형교양,A(인간사회문학역사),가치탐구역량,2016인문사회과학영역,일반교양,소양교양선택,
30,사범대학,교육학과,2006785,지역문제해결학습,2021-1,교육학과,3-3-0,,,,교양선택,균형교양,A(인간사회문학역사),가치탐구역량,2016인문사회과학영역,핵심교양,균형교양 제5영역,
31,사범대학,교육학과,0001429,평생교육론,2009-2,교육학과,3-3-0,,,,교양선택,균형교양,A(인간사회문학역사),자기계발역량,2016취창업및진로영역,일반교양,소양교양선택,
32,사범대학,교육학과 ,2001626,영화와함께하는심리여행,2014-1,교육학과 ,3-3-0,,,,교양선택,균형교양,A(인간사회문학역사),자기계발역량,2016인문사회과학영역,핵심교양,소양교양선택,
33,사범대학,교육학과,2004711,미래사회에서교육과수업의혁신,2018-1,교육학과,3-3-0,S/U,,,교양선택,균형교양,A(인간사회문학역사),가치탐구역량,핵심교양-사범대,핵심교양,소양교양선택,
34,사범대학,교육학과,0001416,평생교육실습,2012-1,교육학과,3-3-0,,,,교양선택,균형교양,A(인간사회문학역사),자기계발역량,2016인문사회과학영역,일반교양,소양교양선택,
35,사범대학,한문교육과,2006786,취업과생활한자,2021-1,한문교육과,3-3-0,,,,교양선택,기초교양,기초학문(사범대학),자기계발역량,2016인문사회과학영역,학문기초교양,기초교양선택(사범대학),
36,사범대학,영어교육과,2000385,토익Ⅰ,2012-1,영어교육과,3-3-0,,,,교양선택,균형교양,C(외국어예술건강진로),의사소통역량,2016외국어영역,일반교양,소양교양선택,
37,사범대학,영어교육과,2005686,4차산업혁명시대영어학습-디지털리터러시-,2020-2,영어교육과,3-3-0,,,,교양선택,균형교양,A(인간사회문학역사),의사소통역량,2016외국어영역,핵심교양,균형교양 제1영역,
38,사범대학,영어교육과,2007033,영어발음클리닉,2022-1,영어교육과,3-3-0,S/U,,,교양선택,균형교양,C(외국어예술건강진로),의사소통역량,2016외국어영역,일반교양,소양교양선택,
39,사범대학,윤리교육과,0000116,공학윤리,2002-1,윤리교육과,3-3-0,,,,교양선택,균형교양,A(인간사회문학역사),가치탐구역량,2016인문사회과학영역,핵심교양,균형교양 제6영역,
40,사범대학,윤리교육과,2008250,텍스트와함께철학하기,2023-2,윤리교육과,3-3-0,,,,교양선택,균형교양,A(인간사회문학역사),가치탐구역량,2016인문사회과학영역,핵심교양,균형교양 제1영역,
41,사범대학,윤리교육과,2006787,윤리와시민,2021-1,윤리교육과,3-3-0,,,,교양선택,균형교양,A(인간사회문학역사),가치탐구역량,2016인문사회과학영역,핵심교양,균형교양 제6영역,
42,사범대학,역사교육과,0001131,서양의역사와문화,2000-1,역사교육과,3-3-0,,,,교양선택,균형교양,A(인간사회문학역사),가치탐구역량,2016문화및예체능영역,일반교양,균형교양 제4영역,
43,사범대학,역사교육과,2006788,아시아의역사와문화,2021-1,역사교육과,3-3-0,,,,교양선택,균형교양,A(인간사회문학역사),가치탐구역량,2016문화및예체능영역,핵심교양,균형교양 제4영역,
44,사범대학,지리교육과,2003869,아틀라스세계여행(AtlasWorldTour),2018-2,지리교육과,3-3-0,,,,교양선택,균형교양,A(인간사회문학역사),의사소통역량,2016문화및예체능영역,핵심교양,균형교양 제5영역,
45,사범대학,지리교육과,2006789,아틀라스한국여행,2022-1,지리교육과,3-3-0,,,,교양선택,균형교양,A(인간사회문학역사),가치탐구역량,2016문화및예체능영역,핵심교양,균형교양 제5영역,
46,사범대학,수학교육과,2003862,기초수학I,2017-1,수학교육과,3-3-0,,,,교양선택,기초교양,기초학문(사범대학),가치탐구역량,2016자연과학영역,학문기초교양,기초교양선택(사범대학),
47,사범대학,수학교육과,2003863,기초수학II,2017-2,수학교육과,3-3-0,,,,교양선택,기초교양,기초학문(사범대학),가치탐구역량,2016자연과학영역,학문기초교양,기초교양선택(사범대학),
48,사범대학,물리교육과,2006791,교사를위한물리,2021-1,물리교육과,3-3-0,,,,교양선택,기초교양,기초학문(사범대학),자기계발역량,2016자연과학영역,학문기초교양,기초교양선택(사범대학),
49,사범대학,지구과학교육과,2007317,기후변화상식을넘어서,2022-1,지구과학교육과,3-3-0,,Y,,교양선택,균형교양,B(자연생명과학기술),가치탐구역량,2016자연과학영역,핵심교양,균형교양 제2영역,
50,사범대학,환경교육과,2001641,연구윤리와사회적책임,2014-1,환경교육과,3-3-0,S/U,Y,,교양선택,균형교양,A(인간사회문학역사),공동체역량,2016인문사회과학영역,핵심교양,균형교양 제5영역,
51,사범대학,컴퓨터교육과,0000125,컴퓨터의활용,2006-1,컴퓨터교육과,3-3-0,,,,교양선택,균형교양,B(자연생명과학기술),자기계발역량,2016자연과학영역,핵심교양,균형교양 제3영역,
52,사범대학,컴퓨터교육과,2006793,4차산업혁명의창의적융합인재양성,2021-1,컴퓨터교육과,3-3-0,,Y,,교양선택,균형교양,A(인간사회문학역사),자기계발역량,2016인문사회과학영역,핵심교양,균형교양 제3영역,
53,사범대학,컴퓨터교육과,2007032,AI리터러시,2022-1,컴퓨터교육과,3-3-0,,Y,,교양선택,균형교양,B(자연생명과학기술),자기계발역량,2016자연과학영역,핵심교양,균형교양 제3영역,
54,사범대학,기술가정교육과,0001380,식생활트렌드와건강,2006-1,기술가정교육과,3-3-0,,,,교양선택,균형교양,C(외국어예술건강진로),자기계발역량,2016자연과학영역,핵심교양,소양교양선택,
55,사범대학,체육교육과,2006944,배드민턴초급,2021-1,체육교육과,2-1-2,,,,교양선택,균형교양,C(외국어예술건강진로),자기계발역량,2016문화및예체능영역,일반교양,소양교양선택,
56,사범대학,체육교육과,2006945,야구&소프트볼,2021-2,체육교육과,2-1-2,,,,교양선택,균형교양,C(외국어예술건강진로),자기계발역량,2016문화및예체능영역,일반교양,소양교양선택,
57,사범대학,체육교육과,2007574,기초골프,2022-2,체육교육과,2-1-2,,,,교양선택,균형교양,C(외국어예술건강진로),자기계발역량,2016문화및예체능영역,일반교양,소양교양선택,
58,사범대학,미술교육과,0001393,현대생활과디자인,2006-2,미술교육과,3-3-0,,,,교양선택,균형교양,C(외국어예술건강진로),가치탐구역량,2016문화및예체능영역,일반교양,균형교양 제4영역,
59,사범대학,음악교육과,2006879,국악연주의기초,2021-2,음악교육과,2-1-2,,,,교양선택,균형교양,C(외국어예술건강진로),자기계발역량,2016문화및예체능영역,일반교양,소양교양선택,
60,인문사회과학대학,관광&영어통역융복합학과,2008974,영문독해,2024-2,관광&영어통역융복합학과,3-3-0,,,,교양선택,균형교양,C(외국어예술건강진로),의사소통역량,2016외국어영역,일반교양,소양교양선택,
61,인문사회과학대학,중어중문학과,2008940,여행중국어,2024-2,중어중문학과,3-3-0,,,,교양선택,균형교양,C(외국어예술건강진로),의사소통역량,2016인문사회과학영역,일반교양,소양교양선택,
62,인문사회과학대학,중어중문학과,2008418,중국어첫걸음,2024-1,중어중문학과,3-3-0,,,,교양선택,균형교양,C(외국어예술건강진로),의사소통역량,2016인문사회과학영역,일반교양,소양교양선택,
63,인문사회과학대학,관광경영학과,2008419,글로벌이슈와관광,2024-1,관광경영학과,3-3-0,,,,교양선택,균형교양,A(인간사회문학역사),공동체역량,2016인문사회과학영역,일반교양,소양교양선택,
64,인문사회과학대학,행정학과,2007736,공공부문진출을위한행정기초지식,2023-1,행정학과,3-3-0,,,,교양선택,균형교양,A(인간사회문학역사),공동체역량,2016인문사회과학영역,핵심교양,균형교양 제5영역,
65,인문사회과학대학,영어영문학과,2006795,언어와사회,2021-1,영어영문학과,3-3-0,,,,교양선택,균형교양,A(인간사회문학역사),가치탐구역량,2016인문사회과학영역,핵심교양,균형교양 제1영역,
66,인문사회과학대학,영어영문학과,2006796,영어핵심구문12가지레시피,2021-1,영어영문학과,3-3-0,,,,교양선택,균형교양,C(외국어예술건강진로),의사소통역량,2016외국어영역,일반교양,소양교양선택,
67,인문사회과학대학,영어영문학과,2006797,교양으로배우는셰익스피어,2021-1,영어영문학과,3-3-0,,,,교양선택,균형교양,A(인간사회문학역사),공동체역량,2016인문사회과학영역,일반교양,소양교양선택,
68,인문사회과학대학,영어영문학과,2006799,미국문화이해,2022-1,영어영문학과,3-3-0,,,,교양선택,균형교양,A(인간사회문학역사),가치탐구역량,2016문화및예체능영역,핵심교양,균형교양 제6영역,
69,인문사회과학대학,영어영문학과,0001262,초급영어회화,2006-1,영어영문학과,3-3-0,,,,교양선택,균형교양,C(외국어예술건강진로),자기계발역량,2016외국어영역,핵심교양,소양교양선택,
70,인문사회과학대학,중어중문학과,2000388,영화로배우는중국문화,2012-1,중어중문학과,3-3-0,,,,교양선택,균형교양,A(인간사회문학역사),가치탐구역량,2016문화및예체능영역,핵심교양,소양교양선택,
71,인문사회과학대학,불어불문학과,0001129,프랑스문화의이해,2000-1,불어불문학과,3-3-0,,,,교양선택,균형교양,A(인간사회문학역사),가치탐구역량,2016문화및예체능영역,핵심교양,균형교양 제6영역,
72,인문사회과학대학,불어불문학과,2004822,프랑스어첫걸음,2020-2,불어불문학과,3-3-0,,,,교양선택,균형교양,A(인간사회문학역사),의사소통역량,2016외국어영역,일반교양,소양교양선택,
73,인문사회과학대학,불어불문학과,0001278,프랑스영화감상,2006-1,불어불문학과,3-3-0,,,,교양선택,균형교양,A(인간사회문학역사),가치탐구역량,2016문화및예체능영역,일반교양,소양교양선택,
74,인문사회과학대학,독어독문학과,2002008,기초독일어,2014-2,독어독문학과,3-3-0,,,,교양선택,균형교양,C(외국어예술건강진로),의사소통역량,2016외국어영역,일반교양,소양교양선택,
75,인문사회과학대학,독어독문학과,0001010,독일문화의이해,2000-1,독어독문학과,3-3-0,,,,교양선택,균형교양,A(인간사회문학역사),공동체역량,2016문화및예체능영역,일반교양,균형교양 제6영역,
76,인문사회과학대학,독어독문학과,2000326,문학과인생,2012-1,독어독문학과,3-3-0,,,,교양선택,균형교양,A(인간사회문학역사),가치탐구역량,핵심교양-인사대,핵심교양,균형교양 제1영역,
77,인문사회과학대학,사학과,2006800,역사속의백제,2021-1,사학과,3-3-0,,,,교양선택,균형교양,A(인간사회문학역사),자기계발역량,2016문화및예체능영역,핵심교양,균형교양 제4영역,
78,인문사회과학대학,사학과,2006801,역사적상상력,2021-1,사학과,3-3-0,,,,교양선택,균형교양,A(인간사회문학역사),자기계발역량,2016문화및예체능영역,핵심교양,균형교양 제4영역,
79,인문사회과학대학,사학과,2000327,역사속의한장면,2012-1,사학과,3-3-0,,,,교양선택,균형교양,A(인간사회문학역사),가치탐구역량,핵심교양-인사대,핵심교양,균형교양 제4영역,
80,인문사회과학대학,사학과,0001313,한국의역사와문화,2006-1,사학과,3-3-0,,,,교양선택,균형교양,A(인간사회문학역사),자기계발역량,2016문화및예체능영역,핵심교양,균형교양 제4영역,
81,인문사회과학대학,사학과,0001314,유럽문화역사이야기,2006-1,사학과,3-3-0,,,,교양선택,균형교양,A(인간사회문학역사),공동체역량,2016문화및예체능영역,핵심교양,균형교양 제4영역,
82,인문사회과학대학,사학과,2002211,문화산업과문화콘텐츠,2015-1,사학과,3-3-0,,,,교양선택,균형교양,C(외국어예술건강진로),가치탐구역량,2016취창업및진로영역,핵심교양,균형교양 제4영역,
83,인문사회과학대학,사학과,2004947,역사속동물이야기,2019-1,사학과,3-3-0,,,,교양선택,균형교양,A(인간사회문학역사),가치탐구역량,2016인문사회과학영역,일반교양,소양교양선택,
84,인문사회과학대학,지리학과,2004173,영화속도시문화,2017-2,지리학과,3-3-0,,,,교양선택,균형교양,A(인간사회문학역사),가치탐구역량,2016인문사회과학영역,일반교양,소양교양선택,
85,인문사회과학대학,"경제통상학부
경제학전공",2001642,사회와경제,2014-1,"경제통상학부
경제학전공",3-3-0,,,,교양선택,균형교양,A(인간사회문학역사),가치탐구역량,핵심교양-인사대,핵심교양,균형교양 제5영역,
86,인문사회과학대학,"경제통상학부
경제학전공",0001141,현대경제의이해,2000-1,"경제통상학부
경제학전공",3-3-0,,,,교양선택,균형교양,A(인간사회문학역사),자기계발역량,2016인문사회과학영역,핵심교양,균형교양 제5영역,
87,인문사회과학대학,"경제통상학부
국제통상학전공",2004952,국제비즈니스와무역영어,2022-2,"경제통상학부
국제통상학전공",3-3-0,,,,교양선택,균형교양,C(외국어예술건강진로),의사소통역량,2016외국어영역,일반교양,소양교양선택,
88,인문사회과학대학,경영학과,2001837,광고와소비자심리,2014-1,경영학과,3-3-0,,Y,,교양선택,균형교양,A(인간사회문학역사),가치탐구역량,2016인문사회과학영역,핵심교양,균형교양 제1영역,
89,인문사회과학대학,관광경영학과,0000132,비즈니스와매너,2006-1,관광경영학과,3-3-0,,Y,,교양선택,균형교양,A(인간사회문학역사),공동체역량,2016취창업및진로영역,핵심교양,소양교양선택,
90,인문사회과학대학,행정학과,2006803,안전사회를위한사회네트워크,2021-1,행정학과,3-3-0,,,,교양선택,균형교양,A(인간사회문학역사),공동체역량,2016인문사회과학영역,핵심교양,균형교양 제5영역,
91,인문사회과학대학,법학과,2003884,국제사회와인권,2017-1,법학과,3-3-0,,,,교양선택,균형교양,A(인간사회문학역사),공동체역량,2016인문사회과학영역,핵심교양,균형교양 제6영역,
92,인문사회과학대학,법학과,2003885,협상의용기,2017-1,법학과,3-3-0,,,,교양선택,균형교양,A(인간사회문학역사),의사소통역량,2016인문사회과학영역,일반교양,균형교양 제1영역,
93,인문사회과학대학,법학과,0001331,생활법률,2006-1,법학과,3-3-0,,,,교양선택,균형교양,A(인간사회문학역사),공동체역량,2016인문사회과학영역,핵심교양,균형교양 제5영역,
94,인문사회과학대학,법학과,2000328,사회정의론,2012-1,법학과,3-3-0,,,,교양선택,균형교양,A(인간사회문학역사),가치탐구역량,핵심교양-인사대,핵심교양,균형교양 제5영역,
95,인문사회과학대학,법학과,0001235,공학법제,2002-1,법학과,3-3-0,,Y,,교양선택,균형교양,A(인간사회문학역사),자기계발역량,2016취창업및진로영역,핵심교양,균형교양 제5영역,
96,인문사회과학대학,법학과,2008251,현대사회에서알아야할가족법,2023-2,법학과,3-3-0,,,,교양선택,균형교양,A(인간사회문학역사),가치탐구역량,2016인문사회과학영역,핵심교양,균형교양 제5영역,
97,자연과학대학,데이터정보물리학과,2008420,인공지능원리와활용,2024-1,데이터정보물리학과,3-3-0,,,,교양선택,기초교양,기초학문(자연과학대학),자기계발역량,2016자연과학영역,학문기초교양,기초교양선택(자연과학대학),
98,자연과학대학,데이터정보물리학과,2008421,과학적프로그래밍입문,2024-1,데이터정보물리학과,3-3-0,,,Y,교양선택,기초교양,기초학문(자연과학대학),자기계발역량,핵심교양-자연대,학문기초교양,기초교양선택(자연과학대학),
99,자연과학대학,생명과학과,2008422,자연과학과인공지능,2024-1,생명과학과,3-3-0,,,,교양선택,기초교양,기초학문(자연과학대학),가치탐구역량,2016자연과학영역,학문기초교양,기초교양선택(자연과학대학),
100,자연과학대학,데이터정보물리학과,2008423,에너지(신)산업개론,2024-1,데이터정보물리학과,3-3-0,,,,교양선택,균형교양,B(자연생명과학기술),가치탐구역량,2016자연과학영역,핵심교양,균형교양 제3영역,
101,자연과학대학,데이터정보물리학과,2000331,기초물리학,2012-1,데이터정보물리학과,3-3-0,,,,교양선택,기초교양,"기초학문(자연과학대학,천안공과대학)",가치탐구역량,핵심교양-자연대,학문기초교양,기초교양선택(자연과학대학),
102,자연과학대학,응용수학과,2002205,기초통계학,2015-1,응용수학과,3-3-0,,,,교양선택,기초교양,기초학문(자연과학대학),가치탐구역량,핵심교양-자연대,학문기초교양,기초교양선택(자연과학대학),
103,자연과학대학,응용수학과,2004003,융합기초수학,2017-1,응용수학과,3-3-0,,,,교양선택,기초교양,기초학문(자연과학대학),가치탐구역량,2016자연과학영역,학문기초교양,기초교양선택(자연과학대학),
104,자연과학대학,응용수학과,2006805,통계의이해와활용,2022-2,응용수학과,3-3-0,,,,교양선택,균형교양,B(자연생명과학기술),가치탐구역량,2016자연과학영역,핵심교양,균형교양 제2영역,
105,자연과학대학,화학과,2006806,대학기초화학,2021-1,화학과,3-3-0,,,,교양선택,기초교양,기초학문(자연과학대학),가치탐구역량,핵심교양-자연대,학문기초교양,기초교양선택(자연과학대학),
106,자연과학대학,화학과,2006807,과학의역사,2021-1,화학과,3-3-0,,,,교양선택,균형교양,B(자연생명과학기술),자기계발역량,2016인문사회과학영역,핵심교양,균형교양 제3영역,
107,자연과학대학,생명과학과,2000333,생물학개론,2012-1,생명과학과,3-3-0,,,,교양선택,기초교양,기초학문(자연과학대학),가치탐구역량,핵심교양-자연대,학문기초교양,기초교양선택(자연과학대학),
108,자연과학대학,생명과학과,0001167,환경과생태,2000-1,생명과학과,3-3-0,,Y,,교양선택,균형교양,B(자연생명과학기술),가치탐구역량,2016자연과학영역,핵심교양,균형교양 제2영역,
109,자연과학대학,지질환경과학과,2003894,생동하는지구,2017-1,지질환경과학과,3-3-0,,,,교양선택,기초교양,기초교양,가치탐구역량,2016자연과학영역,학문기초교양,기초교양선택(자연과학대학),
110,자연과학대학,문화재보존과학과,1001050,아름다운우리문화재,2011-2,문화재보존과학과,3-3-0,,,,교양선택,균형교양,A(인간사회문학역사),가치탐구역량,2016문화및예체능영역,핵심교양,균형교양 제4영역,
111,자연과학대학,문화재보존과학과,2003238,세계유산과문화기행,2016-2,문화재보존과학과,3-3-0,,,,교양선택,균형교양,A(인간사회문학역사),자기계발역량,2016문화및예체능영역,핵심교양,균형교양 제4영역,
112,자연과학대학,의류상품학과,2004663,패션이미지스타일링,2018-1,의류상품학과,3-3-0,,,,교양선택,균형교양,C(외국어예술건강진로),자기계발역량,2016문화및예체능영역,핵심교양,소양교양선택,
113,자연과학대학,의류상품학과,2006809,환경과패션,2021-1,의류상품학과,3-3-0,,,,교양선택,균형교양,C(외국어예술건강진로),자기계발역량,2016문화및예체능영역,핵심교양,균형교양 제4영역,
114,천안공과대학,스마트인프라공학과,2008424,코딩과응용,2024-1,스마트인프라공학과,3-3-0,,,Y,교양선택,기초교양,기초학문(천안공과대학),자기계발역량,2016자연과학영역,학문기초교양,기초교양선택(천안공과대학),
115,천안공과대학,기계자동차공학부,2008425,미래자동차공학개론,2024-1,기계자동차공학부,3-3-0,,,,교양선택,기초교양,기초학문(천안공과대학),가치탐구역량,2016자연과학영역,학문기초교양,기초교양선택(천안공과대학),
116,천안공과대학,디자인컨버전스학과,2008426,디지털포토그래피,2024-1,디자인컨버전스학과,3-1-2,,,Y,교양선택,균형교양,B(자연생명과학기술),자기계발역량,2016문화및예체능영역,학문기초교양,소양교양선택,
117,천안공과대학,스마트인프라공학과,2007738,환경화학및실험,2023-2,스마트인프라공학과,3-3-0,,,,교양선택,기초교양,기초학문(천안공과대학),가치탐구역량,2016자연과학영역,학문기초교양,기초교양선택(천안공과대학),
118,천안공과대학,디자인컨버전스학과,2007739,2D디지털연구,2023-2,디자인컨버전스학과,3-3-0,,,,교양선택,기초교양,기초학문(천안공과대학),자기계발역량,2016자연과학영역,학문기초교양,기초교양선택(천안공과대학),
119,천안공과대학,디자인컨버전스학과,2007740,3D컴퓨터그래픽,2023-2,디자인컨버전스학과,3-3-0,,,,교양선택,기초교양,기초학문(천안공과대학),자기계발역량,2016자연과학영역,학문기초교양,기초교양선택(천안공과대학),
120,천안공과대학,스마트인프라공학과,2003901,일반생명과학,2023-1,스마트인프라공학과,3-3-0,,,,교양선택,균형교양,B(자연생명과학기술),자기계발역량,2016자연과학영역,학문기초교양,균형교양 제2영역,
121,천안공과대학,디자인컨버전스학과,2007747,디자인씽킹,2023-2,디자인컨버전스학과,3-3-0,,,,교양선택,균형교양,C(외국어예술건강진로),의사소통역량,2016문화및예체능영역,핵심교양,균형교양 제4영역,
122,천안공과대학,정보통신공학부,2006810,정보기술과컴퓨터지능의이해,2021-1,정보통신공학부,3-3-0,,,,교양선택,기초교양,기초학문(천안공과대학),가치탐구역량,2016자연과학영역,학문기초교양,기초교양선택(천안공과대학),
123,천안공과대학,정보통신공학부,2003948,자바프로그래밍,2017-2,정보통신공학부,3-3-0,,,,교양선택,기초교양,기초학문(천안공과대학),자기계발역량,2016자연과학영역,학문기초교양,기초교양선택(천안공과대학),
124,천안공과대학,정보통신공학부,2006811,정보통신과미래기술,2021-2,정보통신공학부,3-3-0,,,,교양선택,기초교양,기초학문(천안공과대학),자기계발역량,2016자연과학영역,학문기초교양,기초교양선택(천안공과대학),
125,천안공과대학,소프트웨어학과,2003902,확률통계,2017-1,소프트웨어학과,3-3-0,,,,교양선택,기초교양,기초학문(천안공과대학),자기계발역량,2016자연과학영역,학문기초교양,기초교양선택(천안공과대학),
126,천안공과대학,컴퓨터공학과,2003903,선형대수,2018-1,컴퓨터공학과,3-3-0,,,,교양선택,기초교양,"기초학문(천안공과대학, 인공지능학부)",자기계발역량,2016자연과학영역,학문기초교양,기초교양선택(천안공과대학 및 인공지능학부),
127,천안공과대학,소프트웨어학과,2003904,이산수학,2017-2,소프트웨어학과,3-3-0,,,,교양선택,기초교양,기초학문(천안공과대학),가치탐구역량,2016자연과학영역,학문기초교양,기초교양선택(천안공과대학 및 인공지능학부),
128,천안공과대학,컴퓨터공학과,2003905,컴퓨터실험Ⅰ,2017-2,컴퓨터공학과,3-3-0,,,,교양선택,기초교양,기초학문(천안공과대학),가치탐구역량,2016자연과학영역,학문기초교양,기초교양선택(천안공과대학),
129,천안공과대학,소프트웨어학과,2003908,C프로그래밍,2017-1,소프트웨어학과,3-3-0,,,Y,교양선택,기초교양,"기초학문(천안공과대학, 인공지능학부)",자기계발역량,2016자연과학영역,학문기초교양,기초교양선택(천안공과대학),
130,천안공과대학,컴퓨터공학과,2005689,코딩연습,2020-1,컴퓨터공학과,3-3-0,,,Y,교양선택,균형교양,B(자연생명과학기술),자기계발역량,2016자연과학영역,핵심교양,기초교양선택(천안공과대학),
131,천안공과대학,소프트웨어학과,2006812,정보사회와소통,2021-1,소프트웨어학과,3-3-0,,,,교양선택,균형교양,A(인간사회문학역사),자기계발역량,2016인문사회과학영역,핵심교양,균형교양 제1영역,
132,천안공과대학,컴퓨터공학과,2004659,코딩기초,2018-1,컴퓨터공학과,3-3-0,,,,교양선택,기초교양,기초학문(천안공과대학),자기계발역량,2016자연과학영역,일반교양,기초교양선택(천안공과대학),
133,천안공과대학,소프트웨어학과,2004953,창의적프로그램코딩기초,2019-1,소프트웨어학과,3-3-0,,,,교양선택,균형교양,B(자연생명과학기술),자기계발역량,2016자연과학영역,일반교양,균형교양 제3영역,
134,천안공과대학,소프트웨어학과,2006813,R프로그래밍,2021-2,소프트웨어학과,3-3-0,,,,교양선택,균형교양,B(자연생명과학기술),자기계발역량,2016자연과학영역,학문기초교양,기초교양선택(천안공과대학),
135,천안공과대학,기계자동차공학부,2003981,발명과특허,2017-1,기계자동차공학부,3-3-0,S/U,,,교양선택,균형교양,B(자연생명과학기술),자기계발역량,2016취창업및진로영역,일반교양,균형교양 제3영역,
136,천안공과대학,건축학과,0001161,건축의이해,2000-1,건축학과,3-3-0,,,,교양선택,균형교양,B(자연생명과학기술),가치탐구역량,2016문화및예체능영역,일반교양,균형교양 제4영역,
137,천안공과대학,그린스마트건축공학과,2006880,컴퓨터프로그래밍입문,2023-1,그린스마트건축공학과,3-3-0,,,Y,교양선택,균형교양,B(자연생명과학기술),가치탐구역량,2016자연과학영역,핵심교양,균형교양 제3영역,
138,천안공과대학,미래자동차공학과,2003899,일반화학및실험Ⅰ,2017-1,미래자동차공학과,3-2-2,,,,교양선택,기초교양,기초학문(천안공과대학),자기계발역량,2016자연과학영역,학문기초교양,기초교양선택(천안공과대학),
139,천안공과대학,미래자동차공학과,2003900,일반화학및실험Ⅱ,2017-2,미래자동차공학과,3-2-2,,,,교양선택,기초교양,기초학문(천안공과대학),자기계발역량,2016자연과학영역,학문기초교양,기초교양선택(천안공과대학),
140,천안공과대학,미래자동차공학과,2003897,일반물리학및실험Ⅰ,2017-1,미래자동차공학과,3-2-2,,,,교양선택,기초교양,기초학문(천안공과대학),자기계발역량,2016자연과학영역,학문기초교양,기초교양선택(천안공과대학),
141,천안공과대학,미래자동차공학과,2003898,일반물리학및실험Ⅱ,2017-2,미래자동차공학과,3-2-2,,,,교양선택,기초교양,기초학문(천안공과대학),자기계발역량,2016자연과학영역,학문기초교양,기초교양선택(천안공과대학),
142,천안공과대학,미래자동차공학과,2003912,미적분학및연습,2017-1,미래자동차공학과,3-3-0,,,,교양선택,기초교양,기초학문(천안공과대학),자기계발역량,2016자연과학영역,학문기초교양,기초교양선택(천안공과대학),
143,천안공과대학,미래자동차공학과,2003916,공업수학Ⅰ,2017-2,미래자동차공학과,3-3-0,,,,교양선택,기초교양,기초학문(천안공과대학),자기계발역량,2016자연과학영역,학문기초교양,기초교양선택(천안공과대학),
144,천안공과대학,디자인컨버전스학과,2004668,디자인과생활,2018-2,디자인컨버전스학과,3-3-0,,,,교양선택,기초교양,기초학문(천안공과대학),가치탐구역량,2016문화및예체능영역,학문기초교양,기초교양선택(천안공과대학),
145,천안공과대학,디자인컨버전스학과,2004671,기초드로잉,2018-2,디자인컨버전스학과,3-3-0,,,,교양선택,균형교양,C(외국어예술건강진로),의사소통역량,2016문화및예체능영역,학문기초교양,소양교양선택,
146,천안공과대학,디자인컨버전스학과,2006815,컴퓨터그래픽(MAC),2021-2,디자인컨버전스학과,3-3-0,,,,교양선택,기초교양,기초학문(천안공과대학),자기계발역량,2016자연과학영역,학문기초교양,기초교양선택(천안공과대학),
147,천안공과대학,환경공학과,2003921,공업수학Ⅱ,2018-1,환경공학과,3-3-0,,,,교양선택,기초교양,기초학문(천안공과대학),자기계발역량,2016자연과학영역,학문기초교양,기초교양선택(천안공과대학),
148,천안공과대학,환경공학과,2003913,일반화학Ⅰ,2017-1,환경공학과,2-2-0,,,,교양선택,기초교양,기초학문(천안공과대학),자기계발역량,2016자연과학영역,학문기초교양,기초교양선택(천안공과대학),
149,천안공과대학,환경공학과,2003914,일반화학실험Ⅰ,2017-1,환경공학과,1-0-2,,,,교양선택,기초교양,기초학문(천안공과대학),자기계발역량,2016자연과학영역,학문기초교양,기초교양선택(천안공과대학),
150,천안공과대학,환경공학과,2003922,일반화학Ⅱ,2017-2,환경공학과,2-2-0,,,,교양선택,기초교양,기초학문(천안공과대학),자기계발역량,2016자연과학영역,학문기초교양,기초교양선택(천안공과대학),
151,천안공과대학,환경공학과,2003923,일반화학실험Ⅱ,2017-2,환경공학과,1-0-2,,,,교양선택,기초교양,기초학문(천안공과대학),자기계발역량,2016자연과학영역,학문기초교양,기초교양선택(천안공과대학),
152,천안공과대학,산업공학과,2004720,4차산업혁명시대의빅데이터,2018-1,산업공학과,3-3-0,,Y,,교양선택,균형교양,B(자연생명과학기술),가치탐구역량,2016자연과학영역,핵심교양,균형교양 제3영역,
153,천안공과대학,산업공학과,2006817,이공계경영학원론,2021-1,산업공학과,3-3-0,,,,교양선택,균형교양,A(인간사회문학역사),자기계발역량,2016인문사회과학영역,학문기초교양,균형교양 제5영역,
154,천안공과대학,산업공학과,2003941,컴퓨터와인터넷,2017-1,산업공학과,3-3-0,,,,교양선택,균형교양,B(자연생명과학기술),가치탐구역량,2016자연과학영역,학문기초교양,균형교양 제3영역,
155,천안공과대학,산업공학과,2003942,데이터처리실무,2018-1,산업공학과,3-3-0,,,,교양선택,기초교양,기초학문(천안공과대학),자기계발역량,2016자연과학영역,학문기초교양,기초교양선택(천안공과대학),
156,천안공과대학,산업공학과,2003943,통합패키지활용,2017-2,산업공학과,3-3-0,,,,교양선택,기초교양,기초학문(천안공과대학),가치탐구역량,2016자연과학영역,학문기초교양,기초교양선택(천안공과대학),
157,천안공과대학,산업공학과,2003944,자동화의이해,2017-2,산업공학과,3-3-0,,,,교양선택,기초교양,기초학문(천안공과대학),가치탐구역량,2016자연과학영역,학문기초교양,기초교양선택(천안공과대학),
158,천안공과대학,산업공학과,2003945,원가관리,2017-2,산업공학과,3-3-0,,,,교양선택,기초교양,기초학문(천안공과대학),자기계발역량,2016인문사회과학영역,학문기초교양,기초교양선택(천안공과대학),
159,천안공과대학,산업공학과,0001398,기술경영,2007-2,산업공학과,3-3-0,,,,교양선택,균형교양,A(인간사회문학역사),의사소통역량,2016인문사회과학영역,학문기초교양,균형교양 제5영역,
160,천안공과대학,산업공학과,1001027,문화와기술,2011-1,산업공학과,3-3-0,,,,교양선택,균형교양,A(인간사회문학역사),가치탐구역량,2016문화및예체능영역,핵심교양,균형교양 제4영역,
161,천안공과대학,광공학과,2004106,수학및연습,2017-1,광공학과,3-3-0,,,,교양선택,기초교양,기초학문(천안공과대학),자기계발역량,2016자연과학영역,학문기초교양,기초교양선택(천안공과대학),
162,천안공과대학,정보통신공학부,2003915,프로그래밍입문,2017-1,정보통신공학부,3-3-0,,,Y,교양선택,기초교양,기초학문(천안공과대학),자기계발역량,2016자연과학영역,학문기초교양,기초교양선택(천안공과대학),
163,천안공과대학,디자인컨버전스학과,2003919,응용프로그래밍,2017-2,디자인컨버전스학과,3-3-0,,,,교양선택,기초교양,기초학문(천안공과대학),가치탐구역량,2016자연과학영역,학문기초교양,기초교양선택(천안공과대학),
164,천안공과대학,스마트인프라공학과,2001629,상상설계,2014-2,스마트인프라공학과,3-3-0,,,,교양선택,균형교양,B(자연생명과학기술),가치탐구역량,2016문화및예체능영역,핵심교양,균형교양 제3영역,
165,천안공과대학,스마트인프라공학과,2002844,천안학,2015-2,스마트인프라공학과,2-2-0,,,,교양선택,균형교양,A(인간사회문학역사),공동체역량,2016취창업및진로영역,핵심교양,균형교양 제5영역,
166,천안공과대학,도시·교통공학과,2007034,모빌리티데이터시각화,2023-1,도시·교통공학과,3-3-0,,,,교양선택,기초교양,기초학문(천안공과대학),자기계발역량,2016자연과학영역,학문기초교양,기초교양선택(천안공과대학),
167,천안공과대학,도시·교통공학과,2007035,모빌리티데이터전처리및분석,2022-2,도시·교통공학과,3-3-0,,,,교양선택,기초교양,기초학문(천안공과대학),자기계발역량,2016자연과학영역,학문기초교양,기초교양선택(천안공과대학),
168,천안공과대학,도시·교통공학과,2006821,도시디자인프로그래밍,2021-1,도시·교통공학과,3-3-0,,,,교양선택,기초교양,기초학문(천안공과대학),자기계발역량,2016문화및예체능영역,학문기초교양,기초교양선택(천안공과대학),
169,천안공과대학,도시·교통공학과,2006822,드론공학,2021-1,도시·교통공학과,3-3-0,,,,교양선택,기초교양,기초학문(천안공과대학),자기계발역량,2016자연과학영역,학문기초교양,기초교양선택(천안공과대학),
170,천안공과대학,도시·교통공학과,2006823,확률과통계,2022-1,도시·교통공학과,3-3-0,,,,교양선택,기초교양,"기초학문(천안공과대학, 인공지능학부)",자기계발역량,2016자연과학영역,학문기초교양,기초교양선택(천안공과대학),
171,산업과학대학,식품영양학과,2008941,세계의식문화,2024-2,식품영양학과,3-3-0,,,,교양선택,균형교양,A(인간사회문학역사),가치탐구역량,2016문화및예체능영역,핵심교양,균형교양 제4영역,
172,산업과학대학,식품영양학과,2008942,"영양,수면,빛과생체리듬",2024-2,식품영양학과,3-3-0,,,,교양선택,균형교양,C(외국어예술건강진로),자기계발역량,2016자연과학영역,핵심교양,균형교양 제2영역,
173,산업과학대학,식품영양학과,2008943,1인가구슬기로운식생활,2024-2,식품영양학과,3-3-0,,,,교양선택,균형교양,C(외국어예술건강진로),자기계발역량,2016문화및예체능영역,일반교양,소양교양선택,
174,산업과학대학,식품영양학과,2008944,한국인을위한식품영양개론,2024-2,식품영양학과,3-3-0,,,,교양선택,균형교양,C(외국어예술건강진로),가치탐구역량,2016문화및예체능영역,일반교양,소양교양선택,
175,산업과학대학,원예학과,2008427,식물의심리학,2024-1,원예학과,3-3-0,,,,교양선택,균형교양,A(인간사회문학역사),가치탐구역량,2016문화및예체능영역,일반교양,소양교양선택,
176,산업과학대학,외식상품학과,2008428,인간지능과인공지능,2024-1,외식상품학과,3-3-0,,,,교양선택,균형교양,B(자연생명과학기술),자기계발역량,2016자연과학영역,핵심교양,균형교양 제3영역,
177,산업과학대학,부동산학과,2008429,부동산리터러시,2024-1,부동산학과,3-3-0,,,,교양선택,균형교양,A(인간사회문학역사),자기계발역량,2016인문사회과학영역,핵심교양,균형교양 제5영역,
178,산업과학대학,산업유통학과,2004950,브랜드마케팅,2019-1,산업유통학과,3-3-0,,,,교양선택,균형교양,A(인간사회문학역사),가치탐구역량,2016인문사회과학영역,일반교양,균형교양 제5영역,
179,산업과학대학,산업유통학과,2005457,유통의이해,2020-1,산업유통학과,3-3-0,,,,교양선택,균형교양,A(인간사회문학역사),가치탐구역량,2016인문사회과학영역,학문기초교양,기초교양선택(산업과학대학),
180,산업과학대학,식물자원학과,2006826,스마트생명과학실험,2021-1,식물자원학과,3-3-0,,,,교양선택,균형교양,B(자연생명과학기술),가치탐구역량,2016자연과학영역,학문기초교양,기초교양선택(산업과학대학),
181,산업과학대학,식물자원학과,2006827,생명과학의이해,2021-1,식물자원학과,3-3-0,,,,교양선택,균형교양,B(자연생명과학기술),가치탐구역량,2016자연과학영역,학문기초교양,기초교양선택(산업과학대학),
182,산업과학대학,원예학과,2003956,생화학,2019-1,원예학과,3-3-0,,,,교양선택,균형교양,B(자연생명과학기술),가치탐구역량,2016자연과학영역,학문기초교양,기초교양선택(산업과학대학),
183,산업과학대학,원예학과,2006828,생명과학빅데이터의이해,2021-1,원예학과,3-3-0,,,Y,교양선택,균형교양,B(자연생명과학기술),가치탐구역량,2016자연과학영역,학문기초교양,기초교양선택(산업과학대학),
184,산업과학대학,동물자원학과,2009123,동물과자원,2017-1,동물자원학과,3-3-0,,,,교양선택,균형교양,B(자연생명과학기술),자기계발역량,2016자연과학영역,학문기초교양,기초교양선택(산업과학대학),
185,산업과학대학,동물자원학과,2009124,데이터로바라본동물,2017-2,동물자원학과,3-3-0,,,,교양선택,균형교양,B(자연생명과학기술),자기계발역량,2016자연과학영역,학문기초교양,기초교양선택(산업과학대학),
186,산업과학대학,스마트팜공학과,0001078,물리학개론,2017-1,스마트팜공학과,3-3-0,,,,교양선택,기초교양,기초학문(산업과학대학),가치탐구역량,2016자연과학영역,학문기초교양,기초교양선택(산업과학대학),
187,산업과학대학,지역건설공학전공,2008252,통섭과시스템사고,2023-2,지역건설공학전공,3-3-0,,,,교양선택,균형교양,B(자연생명과학기술),자기계발역량,2016자연과학영역,핵심교양,균형교양 제3영역,
188,산업과학대학,지역건설공학전공,2006830,수문생태학의기초,2022-2,지역건설공학전공,3-3-0,,,,교양선택,균형교양,B(자연생명과학기술),가치탐구역량,2016자연과학영역,학문기초교양,기초교양선택(산업과학대학),
189,산업과학대학,외식상품학과,2006831,100세건강식생활론,2021-1,외식상품학과,3-3-0,,Y,,교양선택,균형교양,C(외국어예술건강진로),자기계발역량,2016문화및예체능영역,일반교양,소양교양선택,
190,산업과학대학,외식상품학과,2006832,농식품산업의이해,2021-1,외식상품학과,3-3-0,,,,교양선택,균형교양,A(인간사회문학역사),공동체역량,핵심교양-산과대,핵심교양,균형교양 제5영역,
191,산업과학대학,외식상품학과,2005692,스마트시대의여가,2020-2,외식상품학과,3-3-0,,,,교양선택,균형교양,A(인간사회문학역사),자기계발역량,2016문화및예체능영역,핵심교양,소양교양선택,
192,산업과학대학,외식상품학과,2006833,영양과건강,2021-1,외식상품학과,3-3-0,,,,교양선택,균형교양,C(외국어예술건강진로),공동체역량,2016문화및예체능영역,일반교양,소양교양선택,
193,산업과학대학,식품공학과,2009125,일반화학,2012-1,식품공학과,3-3-0,,,,교양선택,기초교양,기초학문(산업과학대학),가치탐구역량,핵심교양-산과대,학문기초교양,기초교양선택(산업과학대학),
194,산업과학대학,특수동물학과,2003957,생물학,2017-1,특수동물학과,3-3-0,,,,교양선택,균형교양,B(자연생명과학기술),자기계발역량,2016자연과학영역,학문기초교양,기초교양선택(산업과학대학),
195,산업과학대학,특수동물학과,2001636,창업가정신과리더십,2014-1,특수동물학과,3-3-0,,,,교양선택,균형교양,A(인간사회문학역사),가치탐구역량,핵심교양-산과대,핵심교양,소양교양선택,
196,간호보건대학,간호학과,2008253,표현적글쓰기와마음건강,2023-2,간호학과,3-3-0,,,,교양선택,균형교양,C(외국어예술건강진로),자기계발역량,2016인문사회과학영역,일반교양,소양교양선택,
197,간호보건대학,간호학과,2008254,환경과eHealth,2023-2,간호학과,3-3-0,,,,교양선택,균형교양,C(외국어예술건강진로),가치탐구역량,2016자연과학영역,일반교양,소양교양선택,
198,간호보건대학,간호학과,2008255,공감과감성인간관계,2023-2,간호학과,3-3-0,,,,교양선택,균형교양,A(인간사회문학역사),의사소통역량,2016인문사회과학영역,일반교양,소양교양선택,
199,간호보건대학,간호학과,2006923,감성인문학,2021-1,간호학과,2-2-0,,,,교양선택,균형교양,A(인간사회문학역사),의사소통역량,2016인문사회과학영역,학문기초교양,소양교양선택,
200,간호보건대학,간호학과,2000343,생명윤리,2012-1,간호학과,3-3-0,,,,교양선택,기초교양,기초학문(간호보건대학),공동체역량,핵심교양-간보대,학문기초교양,소양교양선택,
201,간호보건대학,간호학과,2004007,인체병리의이해,2018-1,간호학과,3-3-0,,,,교양선택,기초교양,기초학문(간호보건대학),가치탐구역량,2016자연과학영역,일반교양,기초교양선택(간호보건대학),
202,간호보건대학,간호학과,2004008,인체구조의이해,2017-1,간호학과,3-3-0,,,,교양선택,기초교양,기초학문(간호보건대학),가치탐구역량,2016자연과학영역,일반교양,기초교양선택(간호보건대학),
203,간호보건대학,간호학과,2004009,인체생리의이해,2017-2,간호학과,3-3-0,,,,교양선택,기초교양,기초학문(간호보건대학),가치탐구역량,2016자연과학영역,일반교양,기초교양선택(간호보건대학),
204,간호보건대학,간호학과,2003979,보건의료의미래,2017-1,간호학과,3-3-0,,,,교양선택,균형교양,B(자연생명과학기술),공동체역량,2016인문사회과학영역,핵심교양,균형교양 제2영역,
205,간호보건대학,간호학과,1001032,건강과행복,2011-1,간호학과,3-3-0,,Y,,교양선택,균형교양,C(외국어예술건강진로),자기계발역량,2016문화및예체능영역,핵심교양,소양교양선택,
206,간호보건대학,보건행정학과,2003950,리더십과의사소통,2017-1,보건행정학과,3-3-0,,,,교양선택,균형교양,A(인간사회문학역사),의사소통역량,2016취창업및진로영역,학문기초교양,균형교양 제1영역,
207,간호보건대학,보건행정학과,2000345,보건의료서비스론,2012-1,보건행정학과,3-3-0,,,,교양선택,기초교양,기초학문(간호보건대학),자기계발역량,핵심교양-간보대,핵심교양,소양교양선택,
208,간호보건대학,응급구조학과,2000344,기본응급처치,2012-2,응급구조학과,3-3-0,,,,교양선택,기초교양,기초학문(간호보건대학),공동체역량,핵심교양-간보대,핵심교양,소양교양선택,
209,간호보건대학,응급구조학과,2002897,보건재난의이해,2016-1,응급구조학과,3-3-0,,,,교양선택,균형교양,A(인간사회문학역사),자기계발역량,핵심교양-간보대,핵심교양,균형교양 제5영역,
210,간호보건대학,의료정보학과,2003951,차세대보건의료서비스의이해,2018-2,의료정보학과,3-3-0,,,,교양선택,균형교양,C(외국어예술건강진로),가치탐구역량,2016자연과학영역,학문기초교양,균형교양 제2영역,
211,간호보건대학,의료정보학과,2003954,컴퓨터기초,2017-1,의료정보학과,3-3-0,,,Y,교양선택,균형교양,B(자연생명과학기술),자기계발역량,2016자연과학영역,학문기초교양,균형교양 제3영역,
212,간호보건대학,의료정보학과,2002767,생활속의건강관리,2015-2,의료정보학과,3-3-0,,Y,,교양선택,균형교양,C(외국어예술건강진로),자기계발역량,2016자연과학영역,핵심교양,소양교양선택,
213,간호보건대학,의료정보학과,2000353,생활과건강,2013-1,의료정보학과,3-3-0,,,,교양선택,균형교양,C(외국어예술건강진로),가치탐구역량,핵심교양-간보대,핵심교양,소양교양선택,
214,간호보건대학,의료정보학과,2004724,디지털헬스케어,2018-1,의료정보학과,3-3-0,,,,교양선택,기초교양,기초학문(간호보건대학),자기계발역량,2016외국어영역,핵심교양,소양교양선택,
215,예술대학,무용학과,2007749,나를발견하는예술심리학,2023-1,무용학과,3-3-0,,,,교양선택,균형교양,A(인간사회문학역사),자기계발역량,2016문화및예체능영역,핵심교양,균형교양 제1영역,
216,예술대학,가구리빙디자인학과,2003967,생활공간과인테리어,2017-2,가구리빙디자인학과,3-3-0,,,,교양선택,균형교양,C(외국어예술건강진로),가치탐구역량,2016문화및예체능영역,학문기초교양,균형교양 제4영역,
217,예술대학,가구리빙디자인학과,2000346,디자인과문화,2012-1,가구리빙디자인학과,3-3-0,,,,교양선택,균형교양,C(외국어예술건강진로),가치탐구역량,핵심교양-예술대,핵심교양,균형교양 제4영역,
218,예술대학,가구리빙디자인학과,2004715,20세기문화와미래전략,2018-1,가구리빙디자인학과,3-3-0,,,,교양선택,균형교양,A(인간사회문학역사),가치탐구역량,핵심교양-예술대,핵심교양,균형교양 제4영역,
219,예술대학,주얼리금속디자인학과,2003968,예술·공예교육론,2017-1,주얼리금속디자인학과,3-3-0,,,,교양선택,기초교양,기초학문(예술대학),자기계발역량,2016문화및예체능영역,학문기초교양,기초교양선택(예술대학),
220,예술대학,주얼리금속디자인학과,2006882,주얼리와문화콘텐츠,2021-2,주얼리금속디자인학과,3-3-0,,,,교양선택,균형교양,A(인간사회문학역사),가치탐구역량,2016문화및예체능영역,핵심교양,균형교양 제4영역,
221,예술대학,주얼리금속디자인학과,2003969,예술·공예교육프로그램개발,2017-2,주얼리금속디자인학과,3-3-0,,,,교양선택,기초교양,기초학문(예술대학),공동체역량,2016문화및예체능영역,학문기초교양,기초교양선택(예술대학),
222,예술대학,만화애니메이션학부,2000348,현대미술의이해,2012-1,만화애니메이션학부,3-3-0,,,,교양선택,균형교양,C(외국어예술건강진로),가치탐구역량,핵심교양-예술대,핵심교양,균형교양 제4영역,
223,예술대학,만화애니메이션학부,2003980,기막힌디지털콘텐츠,2017-1,만화애니메이션학부,3-3-0,,,,교양선택,균형교양,C(외국어예술건강진로),가치탐구역량,2016문화및예체능영역,핵심교양,소양교양선택,
224,예술대학,만화애니메이션학부,2004821,코믹스의이해,2019-1,만화애니메이션학부,3-3-0,,,,교양선택,기초교양,기초학문(예술대학),가치탐구역량,2016문화및예체능영역,학문기초교양,기초교양선택(예술대학),
225,예술대학,만화애니메이션학부,2003966,애니메이션의이해,2017-2,만화애니메이션학부,3-3-0,,,,교양선택,기초교양,기초학문(예술대학),가치탐구역량,2016문화및예체능영역,학문기초교양,기초교양선택(예술대학),
226,예술대학,무용학과,2009127,예술트렌드와K-무용콘텐츠,2021-1,무용학과,3-2-2,,,,교양선택,균형교양,C(외국어예술건강진로),자기계발역량,핵심교양-예술대,핵심교양,균형교양 제4영역,
227,예술대학,무용학과,2006837,기초건강생활요가,2021-1,무용학과,2-1-2,,,,교양선택,균형교양,C(외국어예술건강진로),자기계발역량,2016문화및예체능영역,일반교양,소양교양선택,
228,예술대학,무용학과,2009126,마음챙김명상,2021-1,무용학과,3-3-0,,,,교양선택,균형교양,C(외국어예술건강진로),가치탐구역량,2016문화및예체능영역,일반교양,소양교양선택,
229,예술대학,영상학과,2002012,영상과예술,2014-2,영상학과,3-3-0,,,,교양선택,균형교양,C(외국어예술건강진로),자기계발역량,핵심교양-예술대,핵심교양,소양교양선택,
230,예술대학,영상학과,2004012,영화치료,2018-2,영상학과,3-3-0,,,,교양선택,균형교양,C(외국어예술건강진로),자기계발역량,2016문화및예체능영역,핵심교양,소양교양선택,
231,예술대학,영상학과,2004011,사진예술,2019-2,영상학과,3-3-0,,,,교양선택,균형교양,C(외국어예술건강진로),가치탐구역량,2016문화및예체능영역,일반교양,소양교양선택,
232,본부소속,국제학부,2008937,국제정세의이해,2024-2,국제학부,3-3-0,,,,교양선택,균형교양,A(인간사회문학역사),공동체역량,2016문화및예체능영역,핵심교양,균형교양 제6영역,
233,본부소속,국제학부,2008938,심리학개론,2024-2,국제학부,3-3-0,,,,교양선택,균형교양,A(인간사회문학역사),가치탐구역량,2016인문사회과학영역,핵심교양,균형교양 제1영역,
234,본부소속,국제학부,2002903,실무영어회화,2016-1,국제학부,3-3-0,,,,교양선택,균형교양,C(외국어예술건강진로),공동체역량,2016외국어영역,학문기초교양,소양교양선택,
235,본부소속,국제학부,2000858,창의성과미래사회,2013-1,국제학부,3-3-0,,,,교양선택,균형교양,A(인간사회문학역사),자기계발역량,2016취창업및진로영역,학문기초교양,균형교양 제3영역,
236,본부소속,국제학부,2003857,세계유산학,2017-2,국제학부,3-3-0,,,,교양선택,균형교양,A(인간사회문학역사),가치탐구역량,핵심교양-본부소속,핵심교양,균형교양 제4영역,
237,본부소속,국제학부,2000852,세계의문화,2015-1,국제학부,3-3-0,,,,교양선택,균형교양,A(인간사회문학역사),가치탐구역량,2016문화및예체능영역,핵심교양,소양교양선택,
238,본부소속,국제학부,2000854,미국의역사,2012-2,국제학부,3-3-0,,,,교양선택,균형교양,A(인간사회문학역사),가치탐구역량,핵심교양-본부소속,일반교양,소양교양선택,
239,본부소속,교양학부,0001286,일어,2006-1,교양학부,3-3-0,,,,교양선택,균형교양,C(외국어예술건강진로),의사소통역량,2016외국어영역,일반교양,소양교양선택,
240,본부소속,교양학부,2006841,기초일본어문화,2021-2,교양학부,3-3-0,,,,교양선택,균형교양,C(외국어예술건강진로),의사소통역량,2016외국어영역,일반교양,소양교양선택,
241,본부소속,교양학부,2009106,미디어시대의비판적리터러시,2021-1,교양학부,3-3-0,,,,교양선택,기초교양,"기초학문(사범대학, 천안공과대학, 산업과학대학, 예술대학)",가치탐구역량,2016인문사회과학영역,학문기초교양,기초교양선택(모든 단과대) ,
242,본부소속,교양학부,2006876,한반도평화와쟁점,2021-1,교양학부,3-3-0,,,,교양선택,균형교양,A(인간사회문학역사),공동체역량,2016인문사회과학영역,핵심교양,균형교양 제6영역,
243,본부소속,교양학부,2002907,북한의이해,2021-1,교양학부,3-3-0,,,,교양선택,균형교양,A(인간사회문학역사),공동체역량,2016인문사회과학영역,핵심교양,균형교양 제6영역,
244,본부소속,교양학부,2006875,다문화의이해,2021-2,교양학부,3-3-0,,,,교양선택,균형교양,A(인간사회문학역사),공동체역량,2016문화및예체능영역,핵심교양,균형교양 제6영역,
245,본부소속,교양학부,2006874,여성학개론,2021-2,교양학부,3-3-0,,,,교양선택,균형교양,A(인간사회문학역사),가치탐구역량,2016문화및예체능영역,핵심교양,균형교양 제6영역,
246,본부소속,교양학부,0001213,사회학,2021-1,교양학부,3-3-0,,,,교양선택,균형교양,A(인간사회문학역사),공동체역량,2016인문사회과학영역,핵심교양,균형교양 제5영역,
247,본부소속,교양학부,0000131,논리와비판적사고,2006-1,교양학부,3-3-0,,Y,,교양선택,균형교양,A(인간사회문학역사),가치탐구역량,2016인문사회과학영역,핵심교양,기초교양선택(모든 단과대) ,
248,본부소속,교양학부,2006890,학문목적한국어(발표와토론),2021-1,교양학부,3-3-0,,,,교양선택,균형교양,C(외국어예술건강진로),의사소통역량,2016외국어영역(외국인),일반교양,소양교양선택,외국인학생대상 교과목
249,본부소속,교양학부,2006891,학문목적한국어(읽기와쓰기),2021-1,교양학부,3-3-0,,,,교양선택,균형교양,C(외국어예술건강진로),의사소통역량,2016외국어영역(외국인),일반교양,소양교양선택,외국인학생대상 교과목
250,본부소속,교양학부,2005841,스트레스의과학과웰빙의삶,2020-2,교양학부,3-3-0,,,,교양선택,균형교양,C(외국어예술건강진로),자기계발역량,2016인문사회과학영역,핵심교양,균형교양 제3영역,
251,본부소속,교양학부,2005842,설득커뮤니케이션의심리학,2020-2,교양학부,3-3-0,,Y,,교양선택,균형교양,A(인간사회문학역사),가치탐구역량,2016인문사회과학영역,핵심교양,균형교양 제1영역,
252,본부소속,교양학부,2005843,대인관계와정신건강,2021-1,교양학부,3-3-0,,,,교양선택,균형교양,A(인간사회문학역사),가치탐구역량,2016인문사회과학영역,핵심교양,균형교양 제1영역,
253,본부소속,교양학부,2005838,문학과감정의철학,2020-2,교양학부,3-3-0,,,,교양선택,균형교양,A(인간사회문학역사),가치탐구역량,2016인문사회과학영역,핵심교양,균형교양 제1영역,
254,본부소속,교양학부,2005839,4차산업혁명시대의윤리,2020-2,교양학부,3-3-0,,Y,,교양선택,균형교양,A(인간사회문학역사),공동체역량,2016인문사회과학영역,핵심교양,균형교양 제6영역,
255,본부소속,교양학부,2005845,세계문화유산의이해,2020-2,교양학부,3-3-0,,,,교양선택,균형교양,A(인간사회문학역사),자기계발역량,2016문화및예체능영역,핵심교양,균형교양 제4영역,
256,본부소속,교양학부,2005846,20세기세계사,2020-2,교양학부,3-3-0,,,,교양선택,균형교양,A(인간사회문학역사),자기계발역량,2016문화및예체능영역,핵심교양,균형교양 제4영역,
257,본부소속,교양학부,2007027,쟁점한국사,2022-1,교양학부,3-3-0,,,,교양선택,균형교양,A(인간사회문학역사),자기계발역량,2016문화및예체능영역,핵심교양,균형교양 제4영역,
258,본부소속,교양학부,2007028,동아시아의역사와문화,2022-1,교양학부,3-3-0,,,,교양선택,균형교양,A(인간사회문학역사),공동체역량,2016문화및예체능영역,핵심교양,균형교양 제4영역,
259,본부소속,교양학부,2006850,생명과탄소,2021-1,교양학부,3-3-0,,,,교양선택,균형교양,B(자연생명과학기술),가치탐구역량,2016자연과학영역,핵심교양,균형교양 제2영역,
260,본부소속,교양학부,2006851,인간과자연,2021-1,교양학부,3-3-0,,,,교양선택,균형교양,B(자연생명과학기술),가치탐구역량,2016자연과학영역,핵심교양,균형교양 제2영역,
261,본부소속,교양학부,2006897,우주·생명·문명,2021-1,교양학부,3-3-0,,,,교양선택,균형교양,B(자연생명과학기술),가치탐구역량,2016자연과학영역,핵심교양,균형교양 제2영역,
262,본부소속,교양학부,2006898,생노병사의비밀,2021-2,교양학부,3-3-0,,,,교양선택,균형교양,B(자연생명과학기술),가치탐구역량,2016인문사회과학영역,핵심교양,균형교양 제2영역,
263,본부소속,교양학부,2006899,자연환경과문명,2021-2,교양학부,3-3-0,,,,교양선택,균형교양,B(자연생명과학기술),가치탐구역량,2016자연과학영역,핵심교양,균형교양 제2영역,
264,본부소속,교양학부,2006853,서양철학의이해,2021-2,교양학부,3-3-0,,,,교양선택,균형교양,A(인간사회문학역사),가치탐구역량,2016인문사회과학영역,핵심교양,균형교양 제1영역,
265,본부소속,교양학부,2006854,사회정의의철학적기초,2021-1,교양학부,3-3-0,,,,교양선택,균형교양,A(인간사회문학역사),공동체역량,2016인문사회과학영역,핵심교양,균형교양 제5영역,
266,본부소속,교양학부,2006855,언어논리의이해,2021-2,교양학부,3-3-0,,,,교양선택,균형교양,A(인간사회문학역사),가치탐구역량,2016인문사회과학영역,핵심교양,균형교양 제1영역,
267,본부소속,교양학부,2006857,현대사회의철학적이해,2023-2,교양학부,3-3-0,,,,교양선택,균형교양,A(인간사회문학역사),공동체역량,2016인문사회과학영역,핵심교양,균형교양 제5영역,
268,본부소속,교양학부,2006864,이상행동과이상심리의이해,2022-1,교양학부,3-3-0,,,,교양선택,균형교양,A(인간사회문학역사),가치탐구역량,2016인문사회과학영역,핵심교양,균형교양 제1영역,
269,본부소속,교양학부,2006964,공주학,2021-2,교양학부,3-3-0,S/U,,,교양선택,균형교양,A(인간사회문학역사),자기계발역량,2016인문사회과학영역,일반교양,소양교양선택,
270,본부소속,교양학부,2009105,일반통계학,2017-1,교양학부,3-3-0,,,,교양선택,기초교양,기초학문(산업과학대학),자기계발역량,핵심교양-산과대,학문기초교양,기초교양선택(산업과학대학),
271,본부소속,교양학부,2000336,생명과학,2012-1,교양학부,3-3-0,,,,교양선택,기초교양,기초학문(산업과학대학),가치탐구역량,핵심교양-산과대,학문기초교양,기초교양선택(산업과학대학),
272,본부소속,교양학부,1001037,기초수학,2011-1,교양학부,3-3-0,S/U,,,교양선택,기초교양,"기초학문(사범대학, 천안공과대학, 산업과학대학, 예술대학)",자기계발역량,2016자연과학영역,일반교양,기초교양선택(모든 단과대) ,
273,본부소속,교양학부,2000342,선형대수학,2012-1,교양학부,3-3-0,,,,교양선택,균형교양,B(자연생명과학기술),자기계발역량,핵심교양-산과대,핵심교양,기초교양선택(산업과학대학),
274,본부소속,교양학부,2002769,문명과수학,2016-1,교양학부,3-3-0,,Y,,교양선택,균형교양,B(자연생명과학기술),가치탐구역량,핵심교양-산과대,핵심교양,균형교양 제3영역,
275,본부소속,교양학부,2000341,미적분학,2012-1,교양학부,3-3-0,,,,교양선택,기초교양,"기초학문(산업과학대학, 천안공과대학, 인공지능학부)",자기계발역량,2016자연과학영역,핵심교양,기초교양선택(산업과학대학 및 인공지능학부) ,
276,본부소속,교양학부,2006824,유전자와인간,2022-2,교양학부,3-3-0,,,,교양선택,균형교양,B(자연생명과학기술),가치탐구역량,2016자연과학영역,핵심교양,균형교양 제2영역,
277,본부소속,교양학부,2006825,미생물과인간생활,2021-1,교양학부,3-3-0,,Y,,교양선택,균형교양,B(자연생명과학기술),가치탐구역량,2016자연과학영역,핵심교양,균형교양 제2영역,
278,본부소속,교양학부,2004052,인간과인공지능,2017-1,교양학부,3-3-0,,,,교양선택,균형교양,B(자연생명과학기술),가치탐구역량,2016인문사회과학영역,핵심교양,균형교양 제3영역,
279,본부소속,교양학부,0001346,생명공학기술과미래,2006-1,교양학부,3-3-0,,Y,,교양선택,균형교양,B(자연생명과학기술),가치탐구역량,2016자연과학영역,핵심교양,균형교양 제2영역,
280,본부소속,교양학부,2008049,4차산업혁명과인적자원관리,2023-1,교양학부,3-3-0,,,,교양선택,균형교양,A(인간사회문학역사),가치탐구역량,2016인문사회과학영역,핵심교양,균형교양 제5영역,
281,본부소속,교양학부,2008050,공공부문의이해와공직진출,2023-1,교양학부,3-3-0,,,,교양선택,균형교양,C(외국어예술건강진로),자기계발역량,2016취창업및진로영역,일반교양,소양교양선택,
282,본부소속,교양학부,2008245,공공기관분석과진로설계,2023-2,교양학부,3-3-0,,Y,,교양선택,균형교양,C(외국어예술건강진로),가치탐구역량,2016취창업및진로영역,핵심교양,균형교양 제5영역,
283,본부소속,교양학부,2008246,대한민국이해하기,2023-2,교양학부,3-3-0,,,,교양선택,균형교양,A(인간사회문학역사),가치탐구역량,2016인문사회과학영역,핵심교양,균형교양 제5영역,
284,본부소속,교양학부,2008247,데이터로바라보는세상,2023-2,교양학부,3-3-0,,,,교양선택,균형교양,A(인간사회문학역사),가치탐구역량,2016인문사회과학영역,핵심교양,균형교양 제5영역,
285,본부소속,교양학부,2008248,미드로배우는영어,2023-2,교양학부,3-3-0,,,,교양선택,균형교양,C(외국어예술건강진로),의사소통역량,2016문화및예체능영역,일반교양,소양교양선택,
286,본부소속,교양학부,2009107,내일을여는행복지도,2023-2,교양학부,3-3-0,S/U,,,교양선택,균형교양,C(외국어예술건강진로),자기계발역량,2016인문사회과학영역,일반교양,소양교양선택,
287,본부소속,교양학부,2008412,인물로만나는지방자치,2024-1,교양학부,3-3-0,,,,교양선택,균형교양,A(인간사회문학역사),가치탐구역량,2016문화및예체능영역,핵심교양,균형교양 제5영역,
288,본부소속,교양학부,2008413,"즐기자,조직속의인간관계",2024-1,교양학부,3-3-0,,,,교양선택,균형교양,A(인간사회문학역사),공동체역량,2016문화및예체능영역,핵심교양,균형교양 제5영역,
289,본부소속,교양학부,2008414,현대사회와윤리,2024-1,교양학부,3-3-0,,,,교양선택,균형교양,A(인간사회문학역사),가치탐구역량,2016인문사회과학영역,핵심교양,균형교양 제6영역,
290,본부소속,교양학부,2008415,구술사와나의역사쓰기,2024-2,교양학부,3-3-0,,,,교양선택,균형교양,A(인간사회문학역사),자기계발역량,2016문화및예체능영역,일반교양,소양교양선택,
291,본부소속,교양학부,2008416,인공지능수학,2024-1,교양학부,3-3-0,,,,교양선택,균형교양,B(자연생명과학기술),가치탐구역량,2016자연과학영역,핵심교양,균형교양 제3영역,
292,자원봉사센터,자원봉사센터,2006892,사회봉사이해와실천Ⅰ,2021-1,자원봉사센터,1-0-2,,,,교양선택,균형교양,C(외국어예술건강진로),공동체역량,2016취창업및진로영역,일반교양,소양교양선택,
293,자원봉사센터,자원봉사센터,2006893,사회봉사이해와실천Ⅱ,2021-1,자원봉사센터,1-0-2,,,,교양선택,균형교양,C(외국어예술건강진로),공동체역량,2016취창업및진로영역,일반교양,소양교양선택,
294,자원봉사센터,자원봉사센터,2006894,사회봉사이해와실천Ⅲ,2021-1,자원봉사센터,1-0-2,,,,교양선택,균형교양,C(외국어예술건강진로),공동체역량,2016취창업및진로영역,일반교양,소양교양선택,
295,자원봉사센터,자원봉사센터,2006895,사회봉사이해와실천Ⅳ,2021-1,자원봉사센터,1-0-2,,,,교양선택,균형교양,C(외국어예술건강진로),공동체역량,2016취창업및진로영역,일반교양,소양교양선택,
296,천안공과대학,소프트웨어학과,2009111,컴퓨터개론,2025-1,소프트웨어학과,3-3-0,,,Y,교양선택,기초교양,기초학문(천안공과대학),자기계발역량,2016자연과학영역,학문기초교양,기초교양선택(천안공과대학),
297,천안공과대학,소프트웨어학과,2009116,미분과적분,2025-1,소프트웨어학과,2-2-0,,,,교양선택,기초교양,기초학문(천안공과대학),자기계발역량,2016자연과학영역,학문기초교양,기초교양선택(천안공과대학),
298,천안공과대학,기계자동차공학부㈜,2009117,차세대디스플레이이야기,2025-1,기계자동차공학부㈜,3-3-0,,,,교양선택,균형교양,B(자연생명과학기술),가치탐구역량,2016자연과학영역,일반교양,균형교양 제3영역,
299,천안공과대학,기계자동차공학부㈜,2009118,자율이동로봇기술의 이해,2025-1,기계자동차공학부㈜,2-2-0,,,,교양선택,균형교양,B(자연생명과학기술),가치탐구역량,2016자연과학영역,일반교양,균형교양 제3영역,
300,천안공과대학,화학공학부,2009119,화학공학데이터분석및AI기초,2025-1,화학공학부,3-0-3,,,Y,교양선택,균형교양,B(자연생명과학기술),가치탐구역량,2016자연과학영역,핵심교양,균형교양 제3영역,
301,본부소속,교양학부,2009100,과학의철학적이해,2025-1,교양학부,3-3-0,,,,교양선택,균형교양,A(인간사회문학역사),가치탐구역량,2016인문사회과학영역,핵심교양,균형교양 제1영역,
302,본부소속,교양학부,2009101,논리학의기초,2025-1,교양학부,3-3-0,,,,교양선택,균형교양,A(인간사회문학역사),자기계발역량,2016인문사회과학영역,핵심교양,균형교양 제1영역,
303,본부소속,교양학부,2009099,논리학의이해,2025-1,교양학부,3-3-0,,,,교양선택,기초교양,기초학문(산업과학대학),자기계발역량,2016인문사회과학영역,핵심교양,균형교양 제1영역,
304,본부소속,교양학부,2009102,다큐로보는한국사회,2025-1,교양학부,3-3-0,,,,교양선택,균형교양,A(인간사회문학역사),의사소통역량,2016인문사회과학영역,일반교양,균형교양 제5영역,
305,사범대학,윤리교육과,2009109,State and Society in China,2025.1,윤리교육과,3-3-0,,,,교양선택,균형교양,A(인간사회문학역사),공동체역량,2016인문사회과학영역,핵심교양,균형교양 제6영역,
306,본부소속,국제학부,2009103,R통계프로그램을활용한경영·경제분석,2025-1,국제학부,3-1-2,,,Y,교양선택,균형교양,B(자연생명과학기술),가치탐구역량,2016자연과학영역,학문기초교양,균형교양 제3영역,
307,본부소속,국제학부,2009104,금융테이터수집과분석을위한Python의기초,2025-1,국제학부,3-1-2,,,Y,교양선택,균형교양,B(자연생명과학기술),자기계발역량,2016자연과학영역,일반교양,균형교약 제3영역,
308,사범대학,체육교육과,2009110,배구,2025-1,체육교육과,2-1-2,,,,교양선택,균형교양,C(외국어예술건강진로),공동체역량,2016문화및예체능영역,일반교양,소양교양선택,
309,사범대학,화학교육과,2009108,화학과현대생활,2025-1,화학교육과,3-3-0,,,,교양선택,기초교양,기초학문(사범대학),가치탐구역량,2016자연과학영역,학문기초교양,기초교양선택(사범대학),
310,산업과학대학,산업유통학과,2009120,경영학의이해,2025-1,산업유통학과,3-3-0,,,,교양선택,기초교양,기초학문(산업과학대학),가치탐구역량,2016인문사회과학영역,학문기초교양,기초교양선택(산업과학대학),
311,산업과학대학,지역사회개발학과,2009121,경제학의이해,2025-1,지역사회개발학과,3-3-0,,,,교양선택,기초교양,기초학문(산업과학대학),가치탐구역량,2016인문사회과학영역,학문기초교양,기초교양선택(산업과학대학),
312,산업과학대학,산림과학과,2009122,한반도기후위기와환경변화,2025-1,산림과학과,3-3-0,,,,교양선택,균형교양,B(자연생명과학기술),가치탐구역량,2016자연과학영역,일반교양,균형교양 제2영역,
313,인문사회과학대학,관광&영어통역융복합학과,2009112,TEDTalks으로시작하는영어발표,2025-1,관광&영어통역융복합학과,3-3-0,,,,교양선택,기초교양,기초학문(인문사회과학대학),의사소통역량,2016외국어영역,학문기초교양,기초교양선택(인문사회과학대학),
314,인문사회과학대학,"경제통상학부
국제통상학전공",2009114,세계경제의이해,2025-1,"경제통상학부
국제통상학전공",3-3-0,,,,교양선택,균형교양,A(인간사회문학역사),가치탐구역량,2016인문사회과학영역,일반교양,균형교양 제5영역,
315,인문사회과학대학,"경제통상학부
국제통상학전공",2009113,시적표현과시쓰기,2025-1,"경제통상학부
국제통상학전공",3-3-0,,,,교양선택,기초교양,기초학문(인문사회과학대학),가치탐구역량,2016인문사회과학영역,학문기초교양,기초교양선택(인문사회과학대학),
316,인문사회과학대학,영어영문학과,2009115,오피스핵심영어119,2025-1,영어영문학과,3-3-0,,,,교양선택,균형교양,C(외국어예술건강진로),의사소통역량,2016외국어영역,일반교양,소양교양선택,
